URL handle,Title,Type,Tags,Description,Option1 name,Option1 value,SKU,Google Shopping / Manufacturer part number (MPN)
18k-gold-plated-saint-benedict-medal-5428350000,18K Gold-Plated Saint Benedict Medal - 5428350000,,,"<p><span>St Benedict Gold Plated Pendant | Romanel</span></p>
<p><span>A timeless symbol of faith, protection and devotion.</span></p>
<p><span>Delicate and meaningful, this St Benedict Medal Pendant by Romanel is a beautiful piece to keep your faith close to your heart.</span></p>
<p><span>Its petite design and elegant gold-plated finish make it perfect for everyday wear, whether worn alone for a subtle touch of elegance or layered with your favourite necklaces.</span></p>
<p><span>A meaningful gift for someone special or a beautiful addition to your own jewellery collection.</span></p>
<p><span>Details</span></p>
<ul>
<li><span>Design: St Benedict Medal</span></li>
<li><span>Finish: 18k gold plated</span></li>
<li><span>Style: Petite and delicate</span></li>
<li><span>Hypoallergenic and nickel-free</span></li>
<li><span>Water-resistant</span></li>
<li><span>Suitable for everyday wear</span></li>
</ul>
<p><span>A beautiful reminder of faith, strength and protection, wherever life takes you.</span></p>
<p><span>Chain sold separately.</span></p>",Title,Default Title,,
18k-gold-plated-pendant-in-the-shape-of-a-girl-with-zirconia-stones-54214206,18K GOLD-PLATED PENDANT IN THE SHAPE OF A GIRL WITH ZIRCONIA STONES - 54214206,PENDANT,,"<p><span style=""font-size: 0.875rem;"">A subtle touch of elegance </span><meta charset=""UTF-8""></p>
<p><span style=""font-size: 0.875rem;"">Designed to complement any necklace or chain, this pendant is timeless and refined.</span><span></span></p>
<ul>
<li><span>Minimal, elegant design</span></li>
<li>18k gold plated with a high-quality triple-layer finish for enhanced shine and durability<br>
</li>
<li><span>Hypoallergenic and nickel-free</span></li>
<li>Easy to layer or wear solo</li>
</ul>
<p><span><br></span>Pendant in the shape of a girl, composed of 18 1.0 mm zirconia stones. <br>Measures 1.3 cm x 0.90 cm<br><br></p>
<p><span style=""font-size: 0.875rem;"">Based in Australia</span><span></span></p>
<p><span>🚚 Fast shipping<br><br></span><span></span></p>
<p><span>👉 Shop now</span></p>
<p> </p>
<p><span></span><br></p>",Title,Default Title,,
18k-gold-plated-heart-choker-532413,18K GOLD PLATED HEART CHOKER - 532413,CHOKER,,"<p class=""maeztraio-any-product-field-0-x-AnyProductFieldData maeztraio-any-product-field-0-x-AnyProductFieldData--pdp-product-value-fac-0001 maeztraio-any-product-field-0-x-AnyProductFieldData--pdp-description-collection-fac-0001""><span style=""font-size: 0.875rem;"">A piece that completes your look</span></p>
<p><span style=""font-size: 0.875rem;"">Delicate, timeless and designed for everyday elegance.</span><span></span></p>
<ul>
<li><span>Elegant and minimal design</span></li>
<li>18k gold plated with a high-quality triple-layer finish for enhanced shine and durability<br>
</li>
<li><span>Hypoallergenic and nickel-free</span></li>
<li>
<span>Easy to layer or wear on its own</span><span></span><br>
</li>
</ul>
<p><span>Perfect for elevating even the simplest outfit <br><br></span></p>
<p><span>Choker necklace made of diamond-cut heart-shaped link chain. Measures 42 cm <br></span><br></p>
<p><span> Based in Australia</span></p>
<p><span>🚚 Fast shipping</span></p>
<p><span style=""font-size: 0.875rem;"">👉 Shop now </span></p>
<p><span><br></span></p>",Title,Default Title,,
girl-pendant-plated-in-18k-gold-with-rhodium-plating-54295500,GIRL PENDANT PLATED IN 18K GOLD WITH RHODIUM PLATING - 54295500,PENDANT,,"<p><span style=""font-size: 0.875rem;"">A subtle touch of elegance </span><meta charset=""UTF-8""></p>
<p><span style=""font-size: 0.875rem;"">Designed to complement any necklace or chain, this pendant is timeless and refined.</span><span></span></p>
<ul>
<li><span>Minimal, elegant design</span></li>
<li>18k gold plated with a high-quality triple-layer finish for enhanced shine and durability<br>
</li>
<li><span>Hypoallergenic and nickel-free</span></li>
<li>Easy to layer or wear solo</li>
</ul>
<p><span>Gold plated girl pendant with rhodium plating <br><br></span></p>
<p><span><br></span><span style=""font-size: 0.875rem;"">Based in Australia</span><span></span></p>
<p><span>🚚 Fast shipping<br><br></span><span></span></p>
<p><span>👉 Shop now </span></p>
<p> </p>
<p><span><span style=""font-size: 0.875rem;""></span><br></span></p>",Title,Default Title,,
18k-gold-plated-butterfly-earrings-with-zirconia-527074,18K GOLD-PLATED BUTTERFLY EARRINGS WITH ZIRCONIA - 527074,EARRING,,"<p><span style=""font-size: 0.875rem;"">Effortless elegance for your everyday </span><meta charset=""UTF-8""></p>
<p><span>A timeless piece designed to elevate any look — simple, refined and easy to wear.</span></p>
<ul>
<li><span>Lightweight and comfortable</span></li>
<li>18k gold plated with a high-quality triple-layer finish for enhanced shine and durability<br>
</li>
<li><span>Hypoallergenic and nickel-free</span></li>
<li><span>Perfect for everyday styling or special occasions</span></li>
</ul>
<p><span>Wear it alone or pair it with your favorite pieces <br><br>Butterfly earring with one side set with two 4x8 mm navette-cut zirconia stones and two 3x6 mm navette-cut zirconia stones (pair).<br>Size: 1.3 cm x 1.3 cm<br><br></span></p>
<p><span style=""font-size: 0.875rem;"">Australia-based</span><span></span></p>
<p><span>🚚 Fast shipping available</span></p>
<p><span style=""font-size: 0.875rem;"">Limited pieces available</span></p>
<p> </p>
<p><span><br></span></p>",Title,Default Title,,
18k-gold-plated-necklace-53069500,18K GOLD-PLATED NECKLACE - 53069500,NECKLACE,,"<p><span style=""font-size: 0.875rem;"">A piece that completes your look</span><meta charset=""UTF-8""></p>
<p><span style=""font-size: 0.875rem;"">Delicate, timeless and designed for everyday elegance.</span><span></span></p>
<ul>
<li><span>Elegant and minimal design</span></li>
<li>18k gold plated with a high-quality triple-layer finish for enhanced shine and durability<br>
</li>
<li><span>Hypoallergenic and nickel-free</span></li>
<li>
<span>Easy to layer or wear on its own</span><span></span><br>
</li>
</ul>
<p><span>Perfect for elevating even the simplest outfit <br><br></span>Necklace. Length: 50 cm<br><br></p>
<p><span> Based in Australia</span></p>
<p><span>🚚 Fast shipping</span></p>
<p><span style=""font-size: 0.875rem;"">👉 Shop now </span></p>
<p><span></span><br></p>",Title,Default Title,,
butterfly-set-0003,18K Gold Plated Butterfly Jewellery Set - 003,,,"<p><span>18K Gold Plated Butterfly Jewellery Set | Rommanel</span></p>
<p><span>Make a statement with this elegant butterfly jewellery set, featuring a beautifully sculpted 3D butterfly necklace and matching butterfly earrings. Designed to capture the delicate movement and dimension of a butterfly, this set brings a feminine and sophisticated touch to any look.</span></p>
<p><span>Made by </span><span>Rommanel</span><span>, one of Brazil’s leading jewellery brands, each piece is finished with </span><span>18K gold plating</span><span> and crafted with attention to detail and quality. Rommanel jewellery is </span><span>hypoallergenic and nickel-free</span><span>, making it a comfortable choice for everyday wear.</span></p>
<p><span>Whether you’re looking for a unique gold butterfly necklace, elegant butterfly earrings or a complete jewellery set, this versatile combination makes a beautiful addition to your collection. Wear the pieces together for a coordinated look or style them separately for effortless everyday elegance.</span></p>
<p><span>Details:</span><span><br></span><span>• 18K gold plated</span><span><br></span><span>• 3D butterfly design</span><span><br></span><span>• Matching necklace and earrings</span><span><br></span><span>• Hypoallergenic</span><span><br></span><span>• Nickel-free</span><span><br></span><span><br></span></p>
<p><span>A beautiful choice for everyday styling, special occasions or as a thoughtful gift for someone who loves delicate and meaningful jewellery.</span></p>",Title,Default Title,,
18k-gold-plated-butterfly-pendant-choker-5325615000,18K GOLD PLATED BUTTERFLY PENDANT CHOKER -  5325615000,CHOKER,,"<p><span style=""font-size: 0.875rem;"">A piece that completes your look.</span><meta charset=""UTF-8""></p>
<p><span style=""font-size: 0.875rem;"">Delicate, timeless and designed for everyday elegance.</span><span></span></p>
<ul>
<li><span>Elegant and minimal design</span></li>
<li>18k gold plated with a high-quality triple-layer finish for enhanced shine and durability<br>
</li>
<li><span>Hypoallergenic and nickel-free</span></li>
<li>
<span>Easy to layer or wear on its own</span><span></span><br>
</li>
</ul>
<p><span>Perfect for elevating even the simplest outfit <br><br>Choker necklace featuring a ""butterfly"" pendant. <br></span><br></p>
<p><span>🇦🇺 Based in Australia</span></p>
<p><span>🚚 Fast shipping</span></p>
<p><span style=""font-size: 0.875rem;"">👉 Shop now </span></p>",Title,Default Title,,
18k-gold-plated-textured-cross-pendant-5430190000,18K Gold-Plated Textured Cross Pendant - 5430190000,,,"<p><span>Unisex 18K Gold-Plated Cross Pendant</span></p>
<p><span>A timeless symbol of faith with a clean and versatile design. This </span><span>unisex cross pendant</span><span> by Romanel features an elegant </span><span>18K gold-plated finish</span><span>, making it a meaningful piece to wear on its own or pair with your favourite chain.</span></p>
<p><span>Designed to complement different styles, it can be worn by both men and women and pairs beautifully with a </span><span>gold chain or 60cm chain</span><span> for a classic, effortless look.</span></p>
<p><span>Details:</span></p>
<ul>
<li><span>Unisex cross pendant</span></li>
<li><span>18K gold plated</span></li>
<li><span>Hypoallergenic</span></li>
<li><span>Nickel-free</span></li>
<li><span>Water resistant</span></li>
<li><span>By Romanel</span></li>
<li><span>Suitable for different chain styles</span></li>
</ul>
<p><span>A versatile piece of </span><span>Christian jewellery in Australia</span><span>, perfect for anyone looking for a classic </span><span>gold cross pendant</span><span> that combines faith, elegance and everyday style.</span></p>
<p><span>Please note:</span><span> Chain sold separately.</span></p>",Title,Default Title,,
mens-18k-gold-plated-chain-5326706000,Men's 18K gold-plated chain - 5326706000,,,"<p><span>Men’s 18K Gold-Plated Chain – 60cm</span></p>
<p><span>A timeless essential for the modern man. This </span><span>men’s gold chain</span><span> by Rommanel features a classic design that can be worn on its own or layered with other pieces for a more refined look.</span></p>
<p><span>Finished with </span><span>18K gold plating</span><span>, this chain is </span><span>hypoallergenic, nickel-free and water resistant</span><span>, making it a practical choice for everyday wear while maintaining its elegant golden finish.</span></p>
<p><span>At </span><span>60cm</span><span>, it sits comfortably around the neckline and works beautifully with both casual and more polished looks.</span></p>
<p><span>Details:</span></p>
<ul>
<li><span>60cm length</span></li>
<li><span>18K gold plated</span></li>
<li><span>Hypoallergenic</span></li>
<li><span>Nickel-free</span></li>
<li><span>Water resistant</span></li>
<li><span>By Rommanel</span></li>
<li><span>Designed for everyday wear</span></li>
</ul>
<p><span>A versatile piece of </span><span>men’s jewellery in Australia</span><span>, perfect for anyone looking for a classic </span><span>gold chain for men</span><span> with a sophisticated finish.</span></p>
<p><span>Care:</span><span> Although water resistant, we recommend avoiding prolonged exposure to chlorine, salt water, perfumes and chemicals to help preserve the gold finish.</span></p>",Title,Default Title,,
18k-gold-plated-dragonfly-anklet-5506102500,18K Gold-Plated Dragonfly Anklet - 5506102500,,,"<p><span>Anklet featuring a 040-gauge laminated-link chain with a smooth dragonfly charm. Measures 25 cm, adjustable to 23 cm.</span></p>",Title,Default Title,,
18k-gold-plated-choker-with-baroque-pearl-5325605026,18K Gold-Plated Choker with Baroque Pearl - 5325605026,,,,Title,Default Title,,
18k-gold-plated-holy-spirit-earring-5272490000,18K Gold-Plated Holy Spirit Earring - 5272490000,,,"<p><span style=""font-size: 0.875rem;"">Timeless elegance for your everyday </span></p>
<p><span>A timeless piece designed to elevate any look — simple, refined and easy to wear.</span></p>
<ul>
<li><span>Lightweight and comfortable</span></li>
<li>18k gold plated with a high-quality triple-layer finish for enhanced shine and durability<br>
</li>
<li><span>Hypoallergenic and nickel-free</span></li>
<li><span>Waterproof</span></li>
<li><span>Perfect for everyday styling or special occasions</span></li>
</ul>
<p><span>Wear it alone or pair it with your favorite pieces <br><br></span><span style=""font-size: 0.875rem;"">Australia-based</span><span></span></p>
<p><span>🚚 Fast shipping available</span></p>
<p><span style=""font-size: 0.875rem;"">Limited pieces available</span></p>
<p><span>Holy Spirit earring measures. 0,5 cm x 0,7 cm.</span></p>",Title,Default Title,,
18k-gold-plated-hoop-earring-5236460000,18K Gold-Plated Hoop Earring - 5236460000,,,"<p><span style=""font-size: 0.875rem;"">Timeless elegance for your everyday </span><meta charset=""UTF-8""></p>
<p><span>A timeless piece designed to elevate any look — simple, refined and easy to wear.</span></p>
<ul>
<li><span>Lightweight and comfortable</span></li>
<li>18k gold plated with a high-quality triple-layer finish for enhanced shine and durability<br>
</li>
<li><span>Hypoallergenic and nickel-free</span></li>
<li><span>Waterproof</span></li>
<li><span>Perfect for everyday styling or special occasions</span></li>
</ul>
<p><span>Wear it alone or pair it with your favorite pieces <br><br></span><span style=""font-size: 0.875rem;"">Australia-based</span><span></span></p>
<p><span>🚚 Fast shipping available</span></p>
<p><span style=""font-size: 0.875rem;"">Limited pieces available</span></p>
<p> </p>
<p> </p>",Title,Default Title,,
18k-gold-plated-four-leaf-clover-earring-5264770000,18K Gold-Plated Four-Leaf Clover Earring - 5264770000,,,"<p><span style=""font-size: 0.875rem;"">Timeless elegance for your everyday </span><meta charset=""UTF-8""></p>
<p><span>A timeless piece designed to elevate any look — simple, refined and easy to wear.</span></p>
<ul>
<li><span>Lightweight and comfortable</span></li>
<li>18k gold plated with a high-quality triple-layer finish for enhanced shine and durability<br>
</li>
<li><span>Hypoallergenic and nickel-free</span></li>
<li><span>Waterproof</span></li>
<li><span>Perfect for everyday styling or special occasions</span></li>
</ul>
<p><span>Wear it alone or pair it with your favorite pieces <br><br>Four-leaf clover earring. Measures 1.0 cm x 1.0 cm.<br></span></p>
<p><span style=""font-size: 0.875rem;"">Australia-based</span><span></span></p>
<p><span>🚚 Fast shipping available</span></p>
<p><span style=""font-size: 0.875rem;"">Limited pieces available</span></p>
<p> </p>",Title,Default Title,,
18k-gold-plated-clip-on-ear-cuff-5260910000,18K Gold-Plated Clip-On Ear Cuff - 5260910000,,,<p><span>Open-design clip-on earring/cuff. 1.0 mm in diameter.</span></p>,Title,Default Title,,
18k-gold-plated-hoop-earrings-with-cubic-zirconia-5272370006,18K Gold-Plated Hoop Earrings with Cubic Zirconia - 5272370006,,,"<p><span style=""font-size: 0.875rem;"">Timeless elegance for your everyday </span><meta charset=""UTF-8""></p>
<p><span>A timeless piece designed to elevate any look — simple, refined and easy to wear.</span></p>
<ul>
<li><span>Lightweight and comfortable</span></li>
<li>18k gold plated with a high-quality triple-layer finish for enhanced shine and durability<br>
</li>
<li><span>Hypoallergenic and nickel-free</span></li>
<li><span>Waterproof</span></li>
<li><span>Perfect for everyday styling or special occasions</span></li>
</ul>
<p><span>Wear it alone or pair it with your favorite pieces <br><br>Hoop earring with two 4.00 x 6.00 mm pear-shaped cubic zirconia stones. Dimensions: 2.2 cm x 0.4 cm.<br><br></span><span style=""font-size: 0.875rem;"">Australia-based</span><span></span></p>
<p><span>🚚 Fast shipping available</span></p>
<p><span style=""font-size: 0.875rem;"">Limited pieces available</span></p>",Title,Default Title,,
18k-gold-plated-cross-hoop-earring-5267890000,18K Gold-Plated Cross Hoop Earring - 5267890000,,,,Title,Default Title,,
18k-gold-plated-flower-earring-set-5264230000,18K Gold-Plated Flower Earring Set - 5264230000,,,"<p><span style=""font-size: 0.875rem;"">Timeless elegance for your everyday </span><meta charset=""UTF-8""></p>
<p><span>A timeless piece designed to elevate any look — simple, refined and easy to wear.</span></p>
<ul>
<li><span>Lightweight and comfortable</span></li>
<li>18k gold plated with a high-quality triple-layer finish for enhanced shine and durability<br>
</li>
<li><span>Hypoallergenic and nickel-free</span></li>
<li><span>Waterproof</span></li>
<li><span>Perfect for everyday styling or special occasions</span></li>
</ul>
<p><span>Wear it alone or pair it with your favorite pieces <br><br></span><span style=""font-size: 0.875rem;"">Australia-based</span><span></span></p>
<p><span>🚚 Fast shipping available</span></p>
<p><span style=""font-size: 0.875rem;"">Limited pieces available</span></p>",Title,Default Title,,
18k-gold-plated-crosses-scapular-5319116800,18K Gold-Plated Crosses Scapular - 5319116800,,,"<p><span>Men’s Cross Scapular Necklace – 18K Gold Plated</span></p>
<p><span>A timeless expression of faith designed for everyday wear.</span></p>
<p><span>This </span><span>men’s scapular necklace</span><span> features two classic cross pendants, representing faith, devotion and protection. Crafted with a 68 cm lock-link chain, this </span><span>Catholic necklace for men</span><span> combines a masculine design with a meaningful religious symbol.</span></p>
<p><span>Gold plated in </span><span>18K gold</span><span>, this scapular is </span><span>hypoallergenic, nickel free and water resistant</span><span>, making it a practical choice for everyday wear.</span></p>
<p><span>Made by </span><span>Romanel</span><span>, a Brazilian jewellery brand known for its contemporary designs and quality craftsmanship.</span></p>
<p><span>Details:</span></p>
<ul>
<li><span>Length: 68 cm</span></li>
<li><span>Men’s unisex-inspired design</span></li>
<li><span>Two cross pendants</span></li>
<li><span>Lock-link chain</span></li>
<li><span>18K gold plated</span></li>
<li><span>Hypoallergenic</span></li>
<li><span>Nickel free</span></li>
<li><span>Water resistant</span></li>
<li><span>By Romanel</span></li>
<li><span>Catholic religious jewellery</span></li>
</ul>
<p><span>A meaningful </span><span>Catholic gift for men</span><span>, perfect for birthdays, Father’s Day, Confirmation, religious celebrations or simply for someone who wants to wear his faith every day.</span></p>
<p><span>Shop this </span><span>men’s Catholic jewellery piece in Australia</span><span> and keep a symbol of faith close wherever you go.</span></p>",Title,Default Title,,
18k-gold-plated-unisex-scapular-5319194900,18K Gold-Plated Unisex Scapular - 5319194900,,,"<p><span>Scapular Necklace – Our Lady of Mount Carmel &amp; Sacred Heart of Jesus</span></p>
<p><span>Carry your faith close to your heart with this timeless </span><span>Catholic scapular necklace</span><span>, featuring the </span><span>Sacred Heart of Jesus</span><span> and </span><span>Our Lady of Mount Carmel</span><span>.</span></p>
<p><span>Designed as a </span><span>unisex religious necklace</span><span>, this piece features a 49 cm chain with a classic </span><span>lock-link chain design</span><span> and two meaningful heart-shaped medals representing Jesus and Our Lady of Mount Carmel.</span></p>
<p><span>A beautiful choice for everyday wear, prayer, devotion or as a meaningful </span><span>Catholic gift</span><span> for someone special.</span></p>
<p><span>Details:</span></p>
<ul>
<li><span>Unisex design</span></li>
<li><span>Sacred Heart of Jesus medal</span></li>
<li><span>Our Lady of Mount Carmel medal</span></li>
<li><span>Lock-link chain</span></li>
<li><span>Catholic religious jewellery</span></li>
<li><span>Hypoallergenic</span></li>
<li><span>Nickel-free</span></li>
<li><span>18k gold-plated</span></li>
<li><span>Designed for everyday wear</span></li>
</ul>
<p><span>A meaningful piece of </span><span>Catholic jewellery in Australia</span><span>, perfect for anyone who wishes to keep their faith and devotion close wherever they go.</span></p>",Title,Default Title,,
18k-gold-plated-necklace-with-lock-chain-5316384200,18K GOLD PLATED necklace WITH LOCK CHAIN - 5316384200,NECKLACE,,"<p><span style=""font-size: 0.875rem;"">A piece that completes your look </span><meta charset=""UTF-8""></p>
<p><span style=""font-size: 0.875rem;"">Delicate, timeless and designed for everyday elegance.</span><span></span></p>
<ul>
<li><span>Elegant and minimal design</span></li>
<li>18k gold plated with a high-quality triple-layer finish for enhanced shine and durability<br>
</li>
<li><span>Hypoallergenic and nickel-free</span></li>
<li>
<span>Easy to layer or wear on its own</span><span></span><br>
</li>
</ul>
<p><span>Perfect for elevating even the simplest outfit <br></span></p>
<p><span>Based in Australia</span></p>
<p><span>🚚 Fast shipping</span></p>
<p><span style=""font-size: 0.875rem;"">👉 Shop now </span></p>
<p><span>Choker necklace made of 0.20mm chain with a padlock closure. Measures 42cm. <br><br></span></p>
<p><span><br></span></p>",Title,Default Title,,
venetian-choker-plated-in-18k-gold-53131000,Venetian necklace plated in 18k gold - 53131000,NECKLACE,,"<p><span style=""font-size: 0.875rem;"">A piece that completes your look</span><meta charset=""UTF-8""></p>
<p><span style=""font-size: 0.875rem;"">Delicate, timeless and designed for everyday elegance.</span><span></span></p>
<ul>
<li><span>Elegant and minimal design</span></li>
<li>18k gold plated with a high-quality triple-layer finish for enhanced shine and durability<br>
</li>
<li><span>Hypoallergenic and nickel-free</span></li>
<li>
<span>Easy to layer or wear on its own</span><span></span><br>
</li>
</ul>
<p><span>Perfect for elevating even the simplest outfit <br><br>Choker necklace made of a 0.9 mm Venetian chain. Measures 42 cm <br><br></span></p>
<p><span> Based in Australia</span></p>
<p><span>🚚 Fast shipping</span></p>
<p><span style=""font-size: 0.875rem;"">👉 Shop now </span></p>
<p> </p>
<p><span><br></span></p>",Title,Default Title,,
butterfly-earring-with-openwork-design-18k-gold-plated-5274630000,"Butterfly earring with openwork design, 18K gold plated - 5274630000",EARRINGS,,"<div class=""product__description rte quick-add-hidden"">
<p><span style=""font-size: 0.875rem;"">Effortless elegance for your everyday </span><meta charset=""UTF-8""></p>
<p><span>A timeless piece designed to elevate any look — simple, refined and easy to wear.</span></p>
<ul>
<li><span>Lightweight and comfortable</span></li>
<li>18k gold plated with a high-quality triple-layer finish for enhanced shine and durability<br>
</li>
<li><span>Hypoallergenic and nickel-free</span></li>
<li><span>Perfect for everyday styling or special occasions</span></li>
</ul>
<p><span>Wear it alone or pair it with your favorite pieces <br><br></span><span>Butterfly earring with openwork design<br></span><br></p>
<p><span style=""font-size: 0.875rem;"">Australia-based</span><span></span></p>
<p><span>🚚 Fast shipping available</span></p>
<p><span style=""font-size: 0.875rem;"">Limited pieces available</span></p>
<p><span><br></span></p>
</div>
<p><span><br></span></p>",Title,Default Title,,
18k-gold-plated-boy-pendant-with-rhodium-plating-54295600,18K GOLD PLATED BOY PENDANT WITH RHODIUM PLATING - 54295600,PENDANT,,"<p><span style=""font-size: 0.875rem;"">A subtle touch of elegance </span><meta charset=""UTF-8""></p>
<p><span style=""font-size: 0.875rem;"">Designed to complement any necklace or chain, this pendant is timeless and refined.</span><span></span></p>
<ul>
<li><span>Minimal, elegant design</span></li>
<li>18k gold plated with a high-quality triple-layer finish for enhanced shine and durability<br>
</li>
<li><span>Hypoallergenic and nickel-free</span></li>
<li>Easy to layer or wear solo</li>
</ul>
<p><span>Gold plated boy pendant with rhodium plating <br><br></span><span></span><span style=""font-size: 0.875rem;"">Based in Australia</span><span></span></p>
<p><span>🚚 Fast shipping<br><br></span><span></span></p>
<p><span>👉 Shop now </span></p>
<p> </p>
<p><span><br></span><span></span></p>",Title,Default Title,54295600,
18k-gold-plated-half-hoop-earring-set-52701400,18K GOLD PLATED HALF HOOP EARRING SET - 52701400,EARRINGS,,"<p><span style=""font-size: 0.875rem;"">Effortless elegance for your everyday </span><meta charset=""UTF-8""></p>
<p><span>A timeless piece designed to elevate any look — simple, refined and easy to wear.</span></p>
<ul>
<li><span>Lightweight and comfortable</span></li>
<li>18k gold plated with a high-quality triple-layer finish for enhanced shine and durability<br>
</li>
<li><span>Hypoallergenic and nickel-free</span></li>
<li><span>Perfect for everyday styling or special occasions</span></li>
</ul>
<p><span>Wear it alone or pair it with your favorite pieces <br><br>Earring set consisting of 2 pairs of smooth half-hoop earrings in different sizes. Measurements: 1.1 cm x 0.90 cm (Licensed jewelry from the Ana Hickmann collection) <br></span></p>
<p><span style=""font-size: 0.875rem;"">Australia-based</span><span></span></p>
<p><span>🚚 Fast shipping available</span></p>
<p><span style=""font-size: 0.875rem;"">Limited pieces available</span></p>
<p> </p>
<p><span><br></span></p>",Title,Default Title,,
butterfly-earring-plated-in-18k-gold-52709200,Butterfly earring plated in 18k gold - 52709200,EARRINGS,,"<p><span style=""font-size: 0.875rem;"">Effortless elegance for your everyday </span><meta charset=""UTF-8""></p>
<p><span>A timeless piece designed to elevate any look — simple, refined and easy to wear.</span></p>
<ul>
<li><span>Lightweight and comfortable</span></li>
<li>18k gold plated with a high-quality triple-layer finish for enhanced shine and durability<br>
</li>
<li><span>Hypoallergenic and nickel-free</span></li>
<li><span>Perfect for everyday styling or special occasions</span></li>
</ul>
<p><span>Wear it alone or pair it with your favorite pieces <br><br></span></p>
<p><span>Openwork butterfly earring. Measures 0.90 cm x 1.2 cm<br></span></p>
<p><span style=""font-size: 0.875rem;"">Australia-based</span><span></span></p>
<p><span>🚚 Fast shipping available</span></p>
<p><span style=""font-size: 0.875rem;"">Limited pieces available</span></p>
<p> </p>
<p><span><span style=""font-size: 0.875rem;""></span><br></span></p>",Title,Default Title,,
18k-gold-plated-our-lady-of-aparecida-pendant-with-cubic-zirconia-5416340002,18K Gold-Plated Our Lady of Aparecida Pendant with Cubic Zirconia - 5416340002,,,"<p><span>A subtle touch of elegance and faith</span></p>
<p><span style=""font-size: 0.875rem;"">Designed to complement any necklace or chain, this pendant is timeless and refined.</span><span></span></p>
<ul>
<li><span>Minimal, elegant design</span></li>
<li>18k gold plated with a high-quality triple-layer finish for enhanced shine and durability<br>
</li>
<li><span>Hypoallergenic and nickel-free</span></li>
<li>Easy to layer or wear solo</li>
</ul>
<p><span>Our Lady of Aparecida Pendant with Cubic Zirconia </span></p>
<p><span style=""font-size: 0.875rem;"">Based in Australia</span><span></span></p>
<p><span>🚚 Fast shipping<br><br></span><span></span></p>
<p><span>👉 Shop now </span></p>",Title,Default Title,,
18k-set-gold-plated-butterfly-earrings-and-pendant,18k Set gold plated butterfly earrings and pendant - 0000002,,,"<p><span>Timeless, delicate and effortlessly elegant.</span></p>
<p><span>Designed to complement both everyday looks and special occasions, this set is perfect for women who love classic jewellery with a touch of sophistication.</span></p>
<p><span>Why you’ll love it:</span></p>
<p><span>✨ 18K Gold Plated</span><span><br></span><span>✨ High-quality Rommanel Jewellery</span><span><br></span><span>✨ Hypoallergenic</span><span><br></span><span>✨ Nickel-Free</span><span><br></span><span>✨ Comfortable for everyday wear</span><span><br></span><span>✨ Waterproof</span><span><br></span><span>✨ Perfect gift for someone special</span></p>
<p><span>Whether you’re dressing up for an event or adding a refined touch to your daily style, this versatile jewellery set will quickly become a favourite in your collection.</span></p>
<p> </p>
<p><span>Chain sold separately.</span></p>
<p><span>Brand:</span><span><br></span><span>Rommanel</span></p>
<p><span>Ideal for:</span><span><br></span><span>• Everyday Jewellery</span><span><br></span><span>• Gift for Her</span><span><br></span><span>• Birthday Gifts</span><span><br></span><span>• Anniversary Gifts</span><span><br></span><span>• Mother’s Day Gifts</span><span><br></span><span>• Elegant Everyday Style</span></p>
<p><span>Shop now and discover why Rommanel jewellery is loved for its quality, beauty and timeless designs.<br><br>18K GOLD PLATED BUTTERFLY PENDANT - 5423050000<br>Butterfly earring plated in 18k gold - 52656000<br></span></p>",Title,Default Title,,
18k-gold-plated-solitaire-earring-with-crystals-5201850006,18K Gold-Plated Solitaire Earring with Crystals - 5201850006,,,"<p><span style=""font-size: 0.875rem;"">Timeless elegance for your everyday </span><meta charset=""UTF-8""></p>
<p><span>A timeless piece designed to elevate any look — simple, refined and easy to wear.</span></p>
<ul>
<li><span>Lightweight and comfortable</span></li>
<li>18k gold plated with a high-quality triple-layer finish for enhanced shine and durability<br>
</li>
<li><span>Hypoallergenic and nickel-free</span></li>
<li><span>Waterproof</span></li>
<li><span>Perfect for everyday styling or special occasions</span></li>
</ul>
<p><span>Wear it alone or pair it with your favorite pieces <br><br>Solitaire-style earrings with two 4mm crystals (pair). Measures 0.4 mm in diameter.<br></span></p>
<p><span style=""font-size: 0.875rem;"">Australia-based</span><span></span></p>
<p><span>🚚 Fast shipping available</span></p>
<p><span style=""font-size: 0.875rem;"">Limited pieces available</span></p>
<p> </p>
<p><span><br></span></p>",Title,Default Title,,
18k-gold-plated-cable-chain-necklace-5304325000,18K Gold-Plated Cable Chain Necklace - 5304325000,,,"<p><span style=""font-size: 0.875rem;"">A piece that completes your look </span><meta charset=""UTF-8""></p>
<p><span style=""font-size: 0.875rem;"">Delicate, timeless and designed for everyday elegance.</span><span></span></p>
<ul>
<li><span>Elegant and minimal design</span></li>
<li>18k gold plated with a high-quality triple-layer finish for enhanced shine and durability<br>
</li>
<li><span>Hypoallergenic and nickel-free</span></li>
<li><span>Waterproof</span></li>
<li>
<span>Easy to layer or wear on its own</span><span></span><br>
</li>
</ul>
<p><span>CChain made of 0.35 cable link wire. Length: 50 cm.</span></p>
<p><span>Based in Australia</span></p>
<p><span>🚚 Fast shipping</span></p>
<p><span style=""font-size: 0.875rem;"">👉 Shop now </span></p>
<p><span><br></span></p>",Title,Default Title,,
18k-gold-plated-pet-mom-double-sided-medal-5423880000,"18K Gold-Plated ""Pet Mom"" Double-Sided Medal - 5423880000",,,"<p><span>A subtle touch of elegance </span></p>
<p><span style=""font-size: 0.875rem;"">Designed to complement any necklace or chain, this pendant is timeless and refined.</span><span></span></p>
<ul>
<li><span>Minimal, elegant design</span></li>
<li>18k gold plated with a high-quality triple-layer finish for enhanced shine and durability<br>
</li>
<li><span>Hypoallergenic and nickel-free</span></li>
<li>Easy to layer or wear solo</li>
</ul>
<p><span>Medal pendant featuring ""Pet Mom"" inscribed on one side and a paw print in the center on the other. Dimensions: 2.0 cm x 1.1 cm.</span></p>
<p><span style=""font-size: 0.875rem;"">Based in Australia</span><span></span></p>
<p><span>🚚 Fast shipping<br><br></span><span></span></p>
<p><span>👉 Shop now </span></p>
<p><span><br></span></p>",Title,Default Title,,
18k-gold-plated-holy-spirit-pendant-5426970000,18K Gold-Plated Holy Spirit Pendant - 5426970000,,,"<p><span>A subtle touch of elegance and faith</span></p>
<p><span style=""font-size: 0.875rem;"">Designed to complement any necklace or chain, this pendant is timeless and refined.</span><span></span></p>
<ul>
<li><span>Minimal, elegant design</span></li>
<li>18k gold plated with a high-quality triple-layer finish for enhanced shine and durability<br>
</li>
<li><span>Hypoallergenic and nickel-free</span></li>
<li>Easy to layer or wear solo</li>
</ul>
<p><span>Heart-shaped pendant with the Holy Spirit in the center. Measures 1.7 cm x 1.3 cm.</span></p>
<p><span style=""font-size: 0.875rem;"">Based in Australia</span><span></span></p>
<p><span>🚚 Fast shipping<br><br></span><span></span></p>
<p><span>👉 Shop now </span></p>
<p><span><br></span></p>",Title,Default Title,,
18k-gold-plated-faith-pendant-with-cubic-zirconia-5426600006,"18K Gold-Plated ""Faith"" Pendant with Cubic Zirconia - 5426600006",,,"<p><span>A subtle touch of elegance and faith</span></p>
<p><span style=""font-size: 0.875rem;"">Designed to complement any necklace or chain, this pendant is timeless and refined.</span><span></span></p>
<ul>
<li><span>Minimal, elegant design</span></li>
<li>18k gold plated with a high-quality triple-layer finish for enhanced shine and durability<br>
</li>
<li><span>Hypoallergenic and nickel-free</span></li>
<li>Easy to layer or wear solo</li>
</ul>
<p>""Faith"" Pendant with Cubic Zirconia </p>
<p><span style=""font-size: 0.875rem;"">Based in Australia</span><span></span></p>
<p><span>🚚 Fast shipping<br><br></span><span></span></p>
<p><span>👉 Shop now </span></p>
<p> </p>",Title,Default Title,,
18k-gold-plated-blessed-sacrament-pendant-with-resin-stone-5454290006,18K Gold-Plated Blessed Sacrament Pendant with Resin Stone - 5454290006,,,"<p><span>A subtle touch of elegance and faith</span></p>
<p><span style=""font-size: 0.875rem;"">Designed to complement any necklace or chain, this pendant is timeless and refined.</span><span></span></p>
<ul>
<li><span>Minimal, elegant design</span></li>
<li>18k gold plated with a high-quality triple-layer finish for enhanced shine and durability<br>
</li>
<li><span>Hypoallergenic and nickel-free</span></li>
<li>Easy to layer or wear solo</li>
</ul>
<p>Sacrament Pendant with Resin Stone </p>
<p><span style=""font-size: 0.875rem;"">Based in Australia</span><span></span></p>
<p><span>🚚 Fast shipping<br><br></span><span></span></p>
<p><span>👉 Shop now </span></p>
<p> </p>",Title,Default Title,,
18k-gold-plated-holy-spirit-pendant-5419330006,18K Gold-Plated Holy Spirit Pendant - 5419330006,,,"<p><span>A subtle touch of elegance and faith</span></p>
<p><span style=""font-size: 0.875rem;"">Designed to complement any necklace or chain, this pendant is timeless and refined.</span><span></span></p>
<ul>
<li><span>Minimal, elegant design</span></li>
<li>18k gold plated with a high-quality triple-layer finish for enhanced shine and durability<br>
</li>
<li><span>Hypoallergenic and nickel-free</span></li>
<li>Easy to layer or wear solo</li>
</ul>
<p><span><br></span><span>Round pendant featuring a ""Holy Spirit"" motif in the center, fully set with 1.00mm and 1.50mm cubic zirconia stones (38 stones).</span><br></p>
<p><span style=""font-size: 0.875rem;"">Based in Australia</span><span></span></p>
<p><span>🚚 Fast shipping<br><br></span><span></span></p>
<p><span>👉 Shop now </span></p>
<p><span><br></span></p>",Title,Default Title,,
18k-gold-plated-cable-chain-necklace-5309604500,18K Gold-Plated Cable Chain Necklace - 5309604500,,,"<p><span style=""font-size: 0.875rem;"">A piece that completes your look </span><meta charset=""UTF-8""></p>
<p><span style=""font-size: 0.875rem;"">Delicate, timeless and designed for everyday elegance.</span><span></span></p>
<ul>
<li><span>Elegant and minimal design</span></li>
<li>18k gold plated with a high-quality triple-layer finish for enhanced shine and durability<br>
</li>
<li><span>Hypoallergenic and nickel-free</span></li>
<li><span>Waterproof</span></li>
<li>
<span>Easy to layer or wear on its own</span><span></span><br>
</li>
</ul>
<p><span>Chain made of 0.35 cable link wire, medium length 45 cm.</span></p>
<p><span>Based in Australia</span></p>
<p><span>🚚 Fast shipping</span></p>
<p><span style=""font-size: 0.875rem;"">👉 Shop now </span></p>
<p> </p>
<p><span><br></span></p>",Title,Default Title,,
gargantilha-banhada-a-ouro-18k-fio-grumet-5306944200,GARGANTILHA BANHADA A OURO 18K FIO GRUMET - 5306944200,,,"<p><span style=""font-size: 0.875rem;"">A piece that completes your look </span><meta charset=""UTF-8""></p>
<p><span style=""font-size: 0.875rem;"">Delicate, timeless and designed for everyday elegance.</span><span></span></p>
<ul>
<li><span>Elegant and minimal design</span></li>
<li>18k gold plated with a high-quality triple-layer finish for enhanced shine and durability<br>
</li>
<li><span>Hypoallergenic and nickel-free</span></li>
<li><span>Waterproof</span></li>
<li>
<span>Easy to layer or wear on its own</span><span></span><br>
</li>
</ul>
<p><span>Choker featuring a smooth curb chain alternating with a twisted curb chain; medium length: 42 cm.</span></p>
<p><span>Based in Australia</span></p>
<p><span>🚚 Fast shipping</span></p>
<p><span style=""font-size: 0.875rem;"">👉 Shop now </span></p>
<p> </p>
<p><span><br></span></p>",Title,Default Title,,
18k-gold-plated-solitaire-earring-with-crystals-5231910006,18K Gold-Plated Solitaire Earring with Crystals - 5231910006,,,"<p><span style=""font-size: 0.875rem;"">Timeless elegance for your everyday </span><meta charset=""UTF-8""></p>
<p><span>A timeless piece designed to elevate any look — simple, refined and easy to wear.</span></p>
<ul>
<li><span>Lightweight and comfortable</span></li>
<li>18k gold plated with a high-quality triple-layer finish for enhanced shine and durability<br>
</li>
<li><span>Hypoallergenic and nickel-free</span></li>
<li><span>Waterproof</span></li>
<li><span>Perfect for everyday styling or special occasions</span></li>
</ul>
<p><span>Wear it alone or pair it with your favorite pieces <br><br>Single stud earring with two 4mm crystals. 0.4 cm in diameter <br></span></p>
<p><span style=""font-size: 0.875rem;"">Australia-based</span><span></span></p>
<p><span>🚚 Fast shipping available</span></p>
<p><span style=""font-size: 0.875rem;"">Limited pieces available</span></p>
<p> </p>
<p><span><br></span></p>",Title,Default Title,,
childrens-18k-gold-plated-solitaire-heart-earrings-with-cubic-zirconia-5242250006,Children's 18K Gold-Plated Solitaire Heart Earrings with Cubic Zirconia - 5242250006,,,"<p><span style=""font-size: 0.875rem;"">Timeless elegance for your everyday </span><meta charset=""UTF-8""></p>
<p><span>A timeless piece designed to elevate any look — simple, refined and easy to wear.</span></p>
<ul>
<li><span>Lightweight and comfortable</span></li>
<li>18k gold plated with a high-quality triple-layer finish for enhanced shine and durability<br>
</li>
<li><span>Hypoallergenic and nickel-free</span></li>
<li><span>Perfect for everyday styling or special occasions</span></li>
</ul>
<p><span>Wear it alone or pair it with your favorite pieces <br><br>Heart earrings plated in 18k gold<br></span></p>
<p><span style=""font-size: 0.875rem;"">Australia-based</span><span></span></p>
<p><span>🚚 Fast shipping available</span></p>
<p><span style=""font-size: 0.875rem;"">Limited pieces available</span></p>
<p> </p>
<p><span><br></span></p>",Title,Default Title,,
18k-gold-plated-childrens-earrings-5232290000,18K Gold-Plated Children's Earrings - 5232290000,,,"<p><span style=""font-size: 0.875rem;"">Timeless elegance for your everyday </span><meta charset=""UTF-8""></p>
<p><span>A timeless piece designed to elevate any look — simple, refined and easy to wear.</span></p>
<ul>
<li><span>Lightweight and comfortable</span></li>
<li>18k gold plated with a high-quality triple-layer finish for enhanced shine and durability<br>
</li>
<li><span>Hypoallergenic and nickel-free</span></li>
<li><span>Waterproof</span></li>
<li><span>Perfect for everyday styling or special occasions</span></li>
</ul>
<p><span>Wear it alone or pair it with your favorite pieces <br><br>Children's earrings plated in 18k gold<br>Size: 1.0 cm<br></span></p>
<p><span style=""font-size: 0.875rem;"">Australia-based</span><span></span></p>
<p><span>🚚 Fast shipping available</span></p>
<p><span style=""font-size: 0.875rem;"">Limited pieces available</span></p>
<p> </p>
<p><span><br></span></p>",Title,Default Title,,
18k-gold-plated-set-open-heart-00012026,18k GOLD-PLATED SET OPEN HEART - 00012026,,,"<p><span>Heart Set – 18K Gold Plated Necklace &amp; Earrings by Rommanel</span></p>
<p><span>Timeless, delicate and effortlessly elegant, this beautiful matching set features a heart-shaped necklace and earrings with sparkling zirconia details.</span></p>
<p><span>Designed to complement both everyday looks and special occasions, this set is perfect for women who love classic jewellery with a touch of sophistication.</span></p>
<p><span>Why you’ll love it:</span></p>
<p><span>✨ 18K Gold Plated</span><span><br></span><span>✨ High-quality Rommanel Jewellery</span><span><br></span><span>✨ Hypoallergenic</span><span><br></span><span>✨ Nickel-Free</span><span><br></span><span>✨ Comfortable for everyday wear</span><span><br></span><span>✨ Elegant heart design with zirconia</span><span><br></span><span>✨ Perfect gift for someone special</span></p>
<p><span>Whether you’re dressing up for an event or adding a refined touch to your daily style, this versatile jewellery set will quickly become a favourite in your collection.</span></p>
<p><span>Material:</span><span><br></span><span>• 18K Gold Plated</span><span><br></span><span>• Zirconia Stone</span></p>
<p><span>Brand:</span><span><br></span><span>Rommanel</span></p>
<p><span>Ideal for:</span><span><br></span><span>• Everyday Jewellery</span><span><br></span><span>• Gift for Her</span><span><br></span><span>• Birthday Gifts</span><span><br></span><span>• Anniversary Gifts</span><span><br></span><span>• Mother’s Day Gifts</span><span><br></span><span>• Elegant Everyday Style</span></p>
<p><span>Shop now and discover why Rommanel jewellery is loved for its quality, beauty and timeless designs.<br><br></span></p>
<p><span>18K Gold-Plated Open-Heart Earrings with Cubic Zirconia 5241770006</span></p>
<p><span>Singapore chain necklace featuring a heart charm 5311825006</span></p>
<p> </p>
<p><span><br></span></p>",Title,Default Title,,
18k-gold-plated-hoop-earrings-5240140000,18K Gold-Plated Hoop Earrings - 5240140000,,,"<p><span style=""font-size: 0.875rem;"">Timeless elegance for your everyday </span><meta charset=""UTF-8""></p>
<p><span>A timeless piece designed to elevate any look — simple, refined and easy to wear.</span></p>
<ul>
<li><span>Lightweight and comfortable</span></li>
<li>18k gold plated with a high-quality triple-layer finish for enhanced shine and durability<br>
</li>
<li><span>Hypoallergenic and nickel-free</span></li>
<li><span>Waterproof</span></li>
<li><span>Perfect for everyday styling or special occasions</span></li>
</ul>
<p><span>Wear it alone or pair it with your favorite pieces <br><br>Hoop earring with raised detailing. Measures 1.3 cm<br></span></p>
<p><span style=""font-size: 0.875rem;"">Australia-based</span><span></span></p>
<p><span>🚚 Fast shipping available</span></p>
<p><span style=""font-size: 0.875rem;"">Limited pieces available</span></p>
<p> </p>
<p><span><br></span></p>",Title,Default Title,,
18k-gold-plated-childrens-bow-earrings-5246350000,18K Gold-Plated Children's Bow Earrings - 5246350000,,,"<p><span style=""font-size: 0.875rem;"">Timeless elegance for your everyday </span><meta charset=""UTF-8""></p>
<p><span>A timeless piece designed to elevate any look — simple, refined and easy to wear.</span></p>
<ul>
<li><span>Lightweight and comfortable</span></li>
<li>18k gold plated with a high-quality triple-layer finish for enhanced shine and durability<br>
</li>
<li><span>Hypoallergenic and nickel-free</span></li>
<li><span>Waterproof</span></li>
<li><span>Perfect for everyday styling or special occasions</span></li>
</ul>
<p><span>Wear it alone or pair it with your favorite pieces <br><br>Children's bow earrings.<br></span></p>
<p><span style=""font-size: 0.875rem;"">Australia-based</span><span></span></p>
<p><span>🚚 Fast shipping available</span></p>
<p><span style=""font-size: 0.875rem;"">Limited pieces available</span></p>
<p> </p>",Title,Default Title,,
18k-gold-plated-hoop-earring-5224420000,18K Gold-Plated Hoop Earring - 5224420000,,,"<p><span style=""font-size: 0.875rem;"">Timeless elegance for your everyday </span><meta charset=""UTF-8""></p>
<p><span>A timeless piece designed to elevate any look — simple, refined and easy to wear.</span></p>
<ul>
<li><span>Lightweight and comfortable</span></li>
<li>18k gold plated with a high-quality triple-layer finish for enhanced shine and durability<br>
</li>
<li><span>Hypoallergenic and nickel-free</span></li>
<li><span>Waterproof</span></li>
<li><span>Perfect for everyday styling or special occasions</span></li>
</ul>
<p><span>Wear it alone or pair it with your favorite pieces <br><br>Wide half-round hoop earring. Measures 1.3 cm <br></span></p>
<p><span style=""font-size: 0.875rem;"">Australia-based</span><span></span></p>
<p><span>🚚 Fast shipping available</span></p>
<p><span style=""font-size: 0.875rem;"">Limited pieces available</span></p>
<p> </p>
<p><span><br></span></p>",Title,Default Title,,
18k-gold-plated-earring-with-crystals-5232090006,18K Gold-Plated Earring with Crystals - 5232090006,EARRINGS,,"<p><span style=""font-size: 0.875rem;"">Timeless elegance for your everyday </span><meta charset=""UTF-8""></p>
<p><span>A timeless piece designed to elevate any look — simple, refined and easy to wear.</span></p>
<ul>
<li><span>Lightweight and comfortable</span></li>
<li>18k gold plated with a high-quality triple-layer finish for enhanced shine and durability<br>
</li>
<li><span>Hypoallergenic and nickel-free</span></li>
<li><span>Waterproof</span></li>
<li><span>Perfect for everyday styling or special occasions</span></li>
</ul>
<p><span>Wear it alone or pair it with your favorite pieces <br><br>Earring with crystals <br></span></p>
<p><span style=""font-size: 0.875rem;"">Australia-based</span><span></span></p>
<p><span>🚚 Fast shipping available</span></p>
<p><span style=""font-size: 0.875rem;"">Limited pieces available</span></p>
<p> </p>
<p><span><br></span></p>",Title,Default Title,,
18k-gold-plated-oval-hoop-earrings-5209020000,18K Gold-Plated Oval Hoop Earrings - 5209020000,EARRINGS,,"<p><span style=""font-size: 0.875rem;"">Timeless elegance for your everyday </span><meta charset=""UTF-8""></p>
<p><span>A timeless piece designed to elevate any look — simple, refined and easy to wear.</span></p>
<ul>
<li><span>Lightweight and comfortable</span></li>
<li>18k gold plated with a high-quality triple-layer finish for enhanced shine and durability<br>
</li>
<li><span>Hypoallergenic and nickel-free</span></li>
<li><span>Waterproof</span></li>
<li><span>Perfect for everyday styling or special occasions</span></li>
</ul>
<p><span>Wear it alone or pair it with your favorite pieces <br><br>Oval hoop earrings. Size: 1.8 cm<br></span></p>
<p><span style=""font-size: 0.875rem;"">Australia-based</span><span></span></p>
<p><span>🚚 Fast shipping available</span></p>
<p><span style=""font-size: 0.875rem;"">Limited pieces available</span></p>
<p><br></p>
<p><span><br></span></p>",Title,Default Title,,
18k-gold-plated-necklace-53030700,18K GOLD PLATED Necklace - 53030700,NECKLACE,,"<p><span style=""font-size: 0.875rem;"">A piece that completes your look</span><meta charset=""UTF-8""></p>
<p><span style=""font-size: 0.875rem;"">Delicate, timeless and designed for everyday elegance.</span><span></span></p>
<ul>
<li><span>Elegant and minimal design</span></li>
<li>18k gold plated with a high-quality triple-layer finish for enhanced shine and durability</li>
<li><span>Hypoallergenic and nickel-free</span></li>
<li>
<span>Easy to layer or wear on its own</span><span></span><br>
</li>
</ul>
<p><span>Perfect for elevating even the simplest outfit <br><br></span></p>
<p><span>Choker necklace made of a 0.40 mm hammered chain link. Length: 42 cm</span><span> <br><br></span></p>
<p><span> Based in Austral</span><span style=""font-size: 0.875rem;"">ia</span></p>
<p><span>🚚 Fast shipping</span></p>
<p><span style=""font-size: 0.875rem;"">👉 Shop now </span></p>
<p> </p>
<p> </p>",Title,Default Title,,
gargantilha-com-pingente-solitario-banhada-a-ouro-18k-53200506,18K GOLD PLATED CHOKER NECKLACE WITH SOLITAIRE PENDANT - 53200506,CHOKER,,"<p><span style=""font-size: 0.875rem;"">A piece that completes your look</span><meta charset=""UTF-8""></p>
<p><span style=""font-size: 0.875rem;"">Delicate, timeless and designed for everyday elegance.</span><span></span></p>
<ul>
<li><span>Elegant and minimal design</span></li>
<li>18k gold plated with a high-quality triple-layer finish for enhanced shine and durability<br>
</li>
<li><span>Hypoallergenic and nickel-free</span></li>
<li>
<span>Easy to layer or wear on its own</span><span></span><br>
</li>
</ul>
<p><span>Perfect for elevating even the simplest outfit <br><br></span></p>
<p><span>Choker necklace made of Venetian chain, featuring a solitaire pendant with one 4mm cubic zirconia. Length: 40 cm (Licensed Giovanna Antonelli jewelry, 12th edition) </span></p>
<p><span> Based in Austral</span><span style=""font-size: 0.875rem;"">ia</span></p>
<p><span>🚚 Fast shipping</span></p>
<p><span style=""font-size: 0.875rem;"">👉 Shop now </span></p>
<p> </p>
<p><span style=""font-size: 0.875rem;""><span></span><br></span></p>",Title,Default Title,,
18k-gold-plated-heart-pendant-5429910000,18K GOLD PLATED HEART PENDANT - 5429910000,PENDANT,,"<p><span>A subtle touch of elegance </span></p>
<p><span style=""font-size: 0.875rem;"">Designed to complement any necklace or chain, this pendant is timeless and refined.</span><span></span></p>
<ul>
<li><span>Minimal, elegant design</span></li>
<li>18k gold plated with a high-quality triple-layer finish for enhanced shine and durability<br>
</li>
<li><span>Hypoallergenic and nickel-free</span></li>
<li>Easy to layer or wear solo</li>
</ul>
<p><span><br></span><span>Heart pendant. Measures: 1.20 cm x 1.30 cm<br></span><br></p>
<p><span style=""font-size: 0.875rem;"">Based in Australia</span><span></span></p>
<p><span>🚚 Fast shipping<br><br></span><span></span></p>
<p><span>👉 Shop now </span></p>
<p><span><br></span><span></span></p>
<p><span><br></span></p>",Title,Default Title,,
52080700,18K GOLD PLATED HOOP EARRINGS - 52080700,EARRINGS,,"<p><span style=""font-size: 0.875rem;"">Effortless elegance for your everyday </span><meta charset=""UTF-8""></p>
<p><span>A timeless piece designed to elevate any look — simple, refined and easy to wear.</span></p>
<ul>
<li><span>Lightweight and comfortable</span></li>
<li>18k gold plated with a high-quality triple-layer finish for enhanced shine and durability<br>
</li>
<li><span>Hypoallergenic and nickel-free</span></li>
<li><span>Perfect for everyday styling or special occasions</span></li>
</ul>
<p><span>Wear it alone or pair it with your favorite pieces <br><br>Hoop earring. Measures: 1.8 cm diameter. • Material: 18k gold plated <br></span></p>
<p><span style=""font-size: 0.875rem;"">Australia-based</span><span></span></p>
<p><span>🚚 Fast shipping available</span></p>
<p><span style=""font-size: 0.875rem;"">Limited pieces available</span></p>
<p><span></span><br></p>",Title,Default Title,,
18k-gold-plated-hoop-earrings-5209010000,18K GOLD-PLATED HOOP EARRINGS - 5209010000,EARRINGS,,"<p><span style=""font-size: 0.875rem;"">Effortless elegance for your everyday </span><meta charset=""UTF-8""></p>
<p><span>A timeless piece designed to elevate any look — simple, refined and easy to wear.</span></p>
<ul>
<li><span>Lightweight and comfortable</span></li>
<li>18k gold plated with a high-quality triple-layer finish for enhanced shine and durability<br>
</li>
<li><span>Hypoallergenic and nickel-free</span></li>
<li><span>Perfect for everyday styling or special occasions</span></li>
</ul>
<p><span>Wear it alone or pair it with your favorite pieces <br><br>Smooth hoop earring, 1.6 cm<br></span></p>
<p><span style=""font-size: 0.875rem;"">Australia-based</span><span></span></p>
<p><span>🚚 Fast shipping available</span></p>
<p><span style=""font-size: 0.875rem;"">Limited pieces available</span></p>",Title,Default Title,,
butterfly-earring-plated-in-18k-gold-with-rhodium-plating-52016400,Butterfly earring plated in 18k gold with rhodium plating - 52016400,EARRINGS,,"<p><span style=""font-size: 0.875rem;"">Effortless elegance for your everyday </span><meta charset=""UTF-8""></p>
<p><span>A timeless piece designed to elevate any look — simple, refined and easy to wear.</span></p>
<ul>
<li><span>Lightweight and comfortable</span></li>
<li>18k gold plated with a high-quality triple-layer finish for enhanced shine and durability<br>
</li>
<li><span>Hypoallergenic and nickel-free</span></li>
<li><span>Perfect for everyday styling or special occasions</span></li>
</ul>
<p><span>Wear it alone or pair it with your favorite pieces <br><br>Butterfly earring with rhodium plating. 0.5 mm<br></span></p>
<p><span style=""font-size: 0.875rem;"">Australia-based</span><span></span></p>
<p><span>🚚 Fast shipping available</span></p>
<p><span style=""font-size: 0.875rem;"">Limited pieces available</span></p>
<p> </p>",Title,Default Title,,
18k-gold-plated-earrings-with-pearls-and-crystals-52407012,18K GOLD PLATED EARRINGS WITH PEARLS AND CRYSTALS - 52407012,EARRINGS,,"<p><span style=""font-size: 0.875rem;"">Effortless elegance for your everyday </span><meta charset=""UTF-8""></p>
<p><span>A timeless piece designed to elevate any look — simple, refined and easy to wear.</span></p>
<ul>
<li><span>Lightweight and comfortable</span></li>
<li>18k gold plated with a high-quality triple-layer finish for enhanced shine and durability<br>
</li>
<li><span>Hypoallergenic and nickel-free</span></li>
<li><span>Perfect for everyday styling or special occasions</span></li>
</ul>
<p><span>Wear it alone or pair it with your favorite pieces <br><br></span><span>Earrings with crystal and synthetic pearls <br></span><br></p>
<p><span style=""font-size: 0.875rem;"">Australia-based</span><span></span></p>
<p><span>🚚 Fast shipping available</span></p>
<p><span style=""font-size: 0.875rem;"">Limited pieces available</span></p>
<p> </p>
<p><span><br></span></p>",Title,Default Title,,
18k-gold-plated-butterfly-earrings-with-zirconia-52639506,18K GOLD-PLATED BUTTERFLY EARRINGS WITH ZIRCONIA - 52639506,EARRINGS,,"<p><span style=""font-size: 0.875rem;"">Effortless elegance for your everyday </span><meta charset=""UTF-8""></p>
<p><span>A timeless piece designed to elevate any look — simple, refined and easy to wear.</span></p>
<ul>
<li><span>Lightweight and comfortable</span></li>
<li>18k gold plated with a high-quality triple-layer finish for enhanced shine and durability<br>
</li>
<li><span>Hypoallergenic and nickel-free</span></li>
<li><span>Perfect for everyday styling or special occasions</span></li>
</ul>
<p><span>Wear it alone or pair it with your favorite pieces <br><br>Butterfly earring with Zirconia.<br></span></p>
<p><span style=""font-size: 0.875rem;"">Australia-based</span><span></span></p>
<p><span>🚚 Fast shipping available</span></p>
<p><span style=""font-size: 0.875rem;"">Limited pieces available</span></p>",Title,Default Title,,
18k-gold-plated-ear-cuff-earring-with-zirconias-52273106,18K GOLD PLATED EAR CUFF EARRING WITH ZIRCONIAS - 52273106,EARRINGS,,"<p><span style=""font-size: 0.875rem;"">Effortless elegance for your everyday </span><meta charset=""UTF-8""></p>
<p><span>A timeless piece designed to elevate any look — simple, refined and easy to wear.</span></p>
<ul>
<li><span>Lightweight and comfortable</span></li>
<li>18k gold plated with a high-quality triple-layer finish for enhanced shine and durability<br>
</li>
<li><span>Hypoallergenic and nickel-free</span></li>
<li><span>Perfect for everyday styling or special occasions</span></li>
</ul>
<p><span>Wear it alone or pair it with your favorite pieces <br><br>Ear cuff earring with 2 cubic zirconia stones (2.50 mm), 2 cubic zirconia stones (3.00 mm), and 2 cubic zirconia stones (4.00 mm). Measures: 2.1 x 1.0 cm<br></span></p>
<p><span style=""font-size: 0.875rem;"">Australia-based</span><span></span></p>
<p><span>🚚 Fast shipping available</span></p>
<p><span style=""font-size: 0.875rem;"">Limited pieces available</span></p>
<p> </p>",Title,Default Title,,
brinco-circulos-entrelacados-banhado-a-ouro-18k-52431000,18K GOLD PLATED INTERTWINED CIRCLE EARRINGS - 52431000,EARRINGS,,"<p><span style=""font-size: 0.875rem;"">Effortless elegance for your everyday </span><meta charset=""UTF-8""></p>
<p><span>A timeless piece designed to elevate any look — simple, refined and easy to wear.</span></p>
<ul>
<li><span>Lightweight and comfortable</span></li>
<li>18k gold plated with a high-quality triple-layer finish for enhanced shine and durability<br>
</li>
<li><span>Hypoallergenic and nickel-free</span></li>
<li><span>Perfect for everyday styling or special occasions</span></li>
</ul>
<p><span>Wear it alone or pair it with your favorite pieces <br></span></p>
<p><span>Earrings formed by 4 intertwined circles in high and low relief (pair). Measures 0.8 cm x 0.7 cm.<br><br></span></p>
<p><span style=""font-size: 0.875rem;"">Australia-based</span><span></span></p>
<p><span>🚚 Fast shipping available</span></p>
<p><span style=""font-size: 0.875rem;"">Limited pieces available</span></p>
<p><span><span style=""font-size: 0.875rem;""></span><br></span></p>",Title,Default Title,,
18k-gold-plated-earrings-with-synthetic-pearls-5220930026,18K GOLD-PLATED EARRINGS WITH SYNTHETIC PEARLS - 5220930026,EARRINGS,,"<p><span style=""font-size: 0.875rem;"">Effortless elegance for your everyday </span><meta charset=""UTF-8""></p>
<p><span>A timeless piece designed to elevate any look — simple, refined and easy to wear.</span></p>
<ul>
<li><span>Lightweight and comfortable</span></li>
<li>18k gold plated with a high-quality triple-layer finish for enhanced shine and durability<br>
</li>
<li><span>Hypoallergenic and nickel-free</span></li>
<li><span>Perfect for everyday styling or special occasions</span></li>
</ul>
<p><span>Wear it alone or pair it with your favorite pieces <br><br>Smooth base earring with two 8mm synthetic pearls (pair). Size: 1.3 cm<br></span></p>
<p><span style=""font-size: 0.875rem;"">Australia-based</span><span></span></p>
<p><span>🚚 Fast shipping available</span></p>
<p><span style=""font-size: 0.875rem;"">Limited pieces available</span></p>",Title,Default Title,,
18k-gold-plated-girl-pendant-5406840000,18K GOLD PLATED GIRL PENDANT - 5406840000,PENDANT,,"<p><span>A subtle touch of elegance </span></p>
<p><span style=""font-size: 0.875rem;"">Designed to complement any necklace or chain, this pendant is timeless and refined.</span><span></span></p>
<ul>
<li>
<p><span>Minimal, elegant design</span></p>
</li>
<li>18k gold plated with a high-quality triple-layer finish for enhanced shine and durability</li>
<li>
<p><span>Hypoallergenic and nickel-free</span></p>
</li>
<li>
<p>Easy to layer or wear solo</p>
</li>
</ul>
<p><span><br></span><span>Girl's face pendant with satin finish and smooth bow. Measures 1.0 cm <br><br></span></p>
<p><span style=""font-size: 0.875rem;"">Based in Australia</span><span></span></p>
<p><span>🚚 Fast shipping</span></p>
<p><span></span><br></p>
<p><span>👉 Shop now </span></p>",Title,Default Title,,
18k-gold-plated-boy-pendant-5406850000,18K GOLD PLATED BOY PENDANT - 5406850000,PENDANT,,"<p><span>A subtle touch of elegance </span></p>
<p><span style=""font-size: 0.875rem;"">Designed to complement any necklace or chain, this pendant is timeless and refined.</span><span></span></p>
<ul>
<li><span>Minimal, elegant design</span></li>
<li>18k gold plated with a high-quality triple-layer finish for enhanced shine and durability<br>
</li>
<li><span>Hypoallergenic and nickel-free</span></li>
<li>Easy to layer or wear solo</li>
</ul>
<p><span><br></span><span>Boy's face pendant with satin finish and plain cap. Measures 1.0 cm. <br></span><br></p>
<p><span style=""font-size: 0.875rem;"">Based in Australia</span><span></span></p>
<p><span>🚚 Fast shipping<br><br></span><span></span></p>
<p><span>👉 Shop now </span></p>
<p><span><br></span></p>",Title,Default Title,,
18k-gold-plated-choker-with-lock-chain-5304314200,18K GOLD PLATED CHOKER WITH LOCK CHAIN - 5304314200,CHOKER,,"<p><meta charset=""UTF-8""><span style=""font-size: 0.875rem;"">A piece that completes your look </span><meta charset=""UTF-8""></p>
<p><span style=""font-size: 0.875rem;"">Delicate, timeless and designed for everyday elegance.</span><span></span></p>
<ul>
<li><span>Elegant and minimal design</span></li>
<li>18k gold plated with a high-quality triple-layer finish for enhanced shine and durability<br>
</li>
<li><span>Hypoallergenic and nickel-free</span></li>
<li><span>Waterproof</span></li>
<li>
<span>Easy to layer or wear on its own</span><span></span><br>
</li>
</ul>
<p><span>Perfect for elevating even the simplest outfit <br></span></p>
<p><span>Based in Australia</span></p>
<p><span>🚚 Fast shipping</span></p>
<p><span style=""font-size: 0.875rem;"">👉 Shop now </span></p>
<p><span>Choker necklace made of 0.35mm chain, measuring 42cm<br><br></span></p>",Title,Default Title,,
18k-gold-plated-heart-pendant-with-domed-frieze-5429730000,18K GOLD PLATED HEART PENDANT WITH DOMED FRIEZE 5429730000,PENDANT,,"<p><span>A subtle touch of elegance </span></p>
<p><span style=""font-size: 0.875rem;"">Designed to complement any necklace or chain, this pendant is timeless and refined.</span></p>
<ul>
<li><span>Minimal, elegant design</span></li>
<li>18k gold plated with a high-quality triple-layer finish for enhanced shine and durability</li>
<li><span>Hypoallergenic and nickel-free</span></li>
<li>Easy to layer or wear solo</li>
</ul>
<p><span><br></span><span>Domed heart pendant with grooves. Measures: 1.60 cm x 1.20 cm<br></span><br><span style=""font-size: 0.875rem;"">Based in Australia<br><br></span><span>🚚 Fast shipping<br><br></span><span>👉 Shop now </span></p>
<p> </p>
<p><span></span><br></p>",Title,Default Title,,
18k-gold-plated-butterfly-pendant-5423050000,18K GOLD PLATED BUTTERFLY PENDANT - 5423050000,PENDANT,,"<p><span>A subtle touch of elegance </span></p>
<p><span style=""font-size: 0.875rem;"">Designed to complement any necklace or chain, this pendant is timeless and refined.</span><span></span></p>
<ul>
<li><span>Minimal, elegant design</span></li>
<li>18k gold plated with a high-quality triple-layer finish for enhanced shine and durability<br>
</li>
<li><span>Hypoallergenic and nickel-free</span></li>
<li>Easy to layer or wear solo</li>
</ul>
<p><span><br></span><span>Butterfly-shaped pendant with openwork wings. Measures 1.4 cm x 0.80 cm <br></span><br></p>
<p><span style=""font-size: 0.875rem;"">Based in Australia</span><span></span></p>
<p><span>🚚 Fast shipping<br><br></span><span></span></p>
<p><span>👉 Shop now </span></p>
<p><span><br></span></p>",Title,Default Title,,
18k-gold-plated-cross-pendant-with-zirconias-5429150006,18K GOLD PLATED CROSS PENDANT WITH ZIRCONIAS - 5429150006,PENDANT,,"<p><span style=""font-size: 0.875rem;"">A subtle touch of elegance </span><meta charset=""UTF-8""></p>
<p><span style=""font-size: 0.875rem;"">Designed to complement any necklace or chain, this pendant is timeless and refined.</span><span></span></p>
<ul>
<li><span>Minimal, elegant design</span></li>
<li>18k gold plated with a high-quality triple-layer finish for enhanced shine and durability<br>
</li>
<li><span>Hypoallergenic and nickel-free</span></li>
<li>Easy to layer or wear solo</li>
</ul>
<p><span>Cross pendant studded with 31 1mm cubic zirconia stones. Measurements: 2.5 cm x 1.8 cm <br></span><br></p>
<p><span style=""font-size: 0.875rem;"">Based in Australia</span><span></span></p>
<p><span>🚚 Fast shipping<br><br></span><span></span></p>
<p><span>👉 Shop now </span></p>
<p><span><br></span></p>",Title,Default Title,,
18k-gold-plated-childrens-pendant-boy-54179900,18K GOLD PLATED CHILDREN'S PENDANT BOY - 54179900,PENDANT,,"<div class=""product__description rte quick-add-hidden"">
<p><span style=""font-size: 0.875rem;"">A subtle touch of elegance </span><meta charset=""UTF-8""></p>
<p><span style=""font-size: 0.875rem;"">Designed to complement any necklace or chain, this pendant is timeless and refined.</span><span></span></p>
<ul>
<li><span>Minimal, elegant design</span></li>
<li>18k gold plated with a high-quality triple-layer finish for enhanced shine and durability<br>
</li>
<li><span>Hypoallergenic and nickel-free</span></li>
<li>Easy to layer or wear solo</li>
</ul>
<p><span>Children's pendant in the shape of a boy with a ball doing keepy-uppies. <br>Measures 2.4 cm <br><br></span></p>
<p><span style=""font-size: 0.875rem;"">Based in Australia</span><span></span></p>
<p><span>🚚 Fast shipping<br><br></span><span></span></p>
<p><span>👉 Shop now </span></p>
<p><span><br></span></p>
</div>",Title,Default Title,,
butterfly-earring-plated-in-18k-gold-52756400,Butterfly earring plated in 18k gold - 52756400,EARRINGS,,"<div class=""product__description rte quick-add-hidden"">
<p><span style=""font-size: 0.875rem;"">Effortless elegance for your everyday </span><meta charset=""UTF-8""></p>
<p><span>A timeless piece designed to elevate any look — simple, refined and easy to wear.</span></p>
<ul>
<li><span>Lightweight and comfortable</span></li>
<li>18k gold plated with a high-quality triple-layer finish for enhanced shine and durability<br>
</li>
<li><span>Hypoallergenic and nickel-free</span></li>
<li><span>Perfect for everyday styling or special occasions</span></li>
</ul>
<p><span>Wear it alone or pair it with your favorite pieces <br><br>Butterfly earring plated in 18k gold<br></span></p>
<p><span style=""font-size: 0.875rem;"">Australia-based</span><span></span></p>
<p><span>🚚 Fast shipping available</span></p>
<p><span style=""font-size: 0.875rem;"">Limited pieces available</span></p>
<p><span><br></span></p>
</div>
<p> </p>",Title,Default Title,,
pendant-with-two-boys-and-a-hollow-heart-18k-gold-plated-54264600,"Pendant with two boys and a hollow heart, 18K gold plated - 54264600",PENDANT,,"<p><span>A subtle touch of elegance </span></p>
<p><span style=""font-size: 0.875rem;"">Designed to complement any necklace or chain, this pendant is timeless and refined.</span><span></span></p>
<ul>
<li><span>Minimal, elegant design</span></li>
<li>18k gold plated with a high-quality triple-layer finish for enhanced shine and durability</li>
<li><span>Hypoallergenic and nickel-free</span></li>
<li>Easy to layer or wear solo</li>
</ul>
<p><span><br></span><span>Pendant in the shape of two boys joined by a heart in the center. <br>Measurements: 2.3 cm x 2.6 cm<br></span><br></p>
<p><span style=""font-size: 0.875rem;"">Based in Australia</span><span></span></p>
<p><span>🚚 Fast shipping<br><br></span><span></span></p>
<p><span>👉 Shop now </span></p>
<p><span><br></span></p>",Title,Default Title,,
pendant-with-two-girls-and-a-hollow-heart-18k-gold-plated-54264500,"Pendant with two girls and a hollow heart, 18K gold plated - 54264500",PENDANT,,"<p><meta charset=""UTF-8""><span>A subtle touch of elegance </span></p>
<div class=""product__description rte quick-add-hidden"">
<p><span style=""font-size: 0.875rem;"">Designed to complement any necklace or chain, this pendant is timeless and refined.</span><span></span></p>
<ul>
<li><span>Minimal, elegant design</span></li>
<li>18k gold plated with a high-quality triple-layer finish for enhanced shine and durability<br>
</li>
<li><span>Hypoallergenic and nickel-free</span></li>
<li>Easy to layer or wear solo</li>
</ul>
<p><span>Pendant in the shape of two girls joined by a heart in the center. Measurements: 2.3 cm x 2.7 cm <br></span><br></p>
<p><span style=""font-size: 0.875rem;"">Based in Australia</span><span></span></p>
<p><span>🚚 Fast shipping<br><br></span><span></span></p>
<p><span>👉 Shop now </span><span></span></p>
</div>
<p><span><br></span></p>",Title,Default Title,,
18k-gold-plated-boy-and-girl-pendant-54193700,18K GOLD PLATED BOY AND GIRL PENDANT - 54193700,PENDANT,,"<p><span>A subtle touch of elegance </span></p>
<div class=""product__description rte quick-add-hidden"">
<p><span style=""font-size: 0.875rem;"">Designed to complement any necklace or chain, this pendant is timeless and refined.</span><span></span></p>
<ul>
<li><span>Minimal, elegant design</span></li>
<li>18k gold plated with a high-quality triple-layer finish for enhanced shine and durability<br>
</li>
<li><span>Hypoallergenic and nickel-free</span></li>
<li>Easy to layer or wear solo</li>
</ul>
<p><span>Pendant in the shape of boy and girl joined by a heart in the center. Measurements: 2.3 cm x 2.7 cm <br><br></span></p>
<p><span style=""font-size: 0.875rem;"">Based in Australia</span><span></span></p>
<p><span>🚚 Fast shipping<br><br></span><span></span></p>
<p><span>👉 Shop now </span></p>
</div>
<p><span><br></span><span></span></p>
<p><span><br></span></p>",Title,Default Title,,
18k-gold-plated-heart-shaped-hoop-earrings-52714600,18K GOLD PLATED HEART-SHAPED HOOP EARRINGS - 52714600,EARRINGS,,"<p><span style=""font-size: 0.875rem;"">Effortless elegance for your everyday </span><meta charset=""UTF-8""></p>
<p><span>A timeless piece designed to elevate any look — simple, refined and easy to wear.</span></p>
<ul>
<li><span>Lightweight and comfortable</span></li>
<li>18k gold plated with a high-quality triple-layer finish for enhanced shine and durability<br>
</li>
<li><span>Hypoallergenic and nickel-free</span></li>
<li><span>Perfect for everyday styling or special occasions</span></li>
</ul>
<p><span>Wear it alone or pair it with your favorite pieces <br><br>Hoop earring with domed heart. Measures: 2.3 cm x 0.70 cm x 1.1 cm diameter<br></span></p>
<p><span style=""font-size: 0.875rem;"">Australia-based</span><span></span></p>
<p><span>🚚 Fast shipping available</span></p>
<p><span style=""font-size: 0.875rem;"">Limited pieces available</span><span></span></p>
<p> </p>",Title,Default Title,,
maxi-ring-with-intertwined-wires-18k-gold-plated-with-sphere-5135301400,"MAXI RING WITH INTERTWINED WIRES, 18K GOLD PLATED, WITH SPHERE 5135301400",RING,,"<p><span style=""font-size: 0.875rem;"">Effortless elegance for your fingers </span><meta charset=""UTF-8""></p>
<p><span style=""font-size: 0.875rem;"">A timeless, versatile piece that elevates any outfit — simple yet sophisticated.</span><span></span></p>
<ul>
<li><span>Comfortable fit</span></li>
<li>18k gold plated with a high-quality triple-layer finish for enhanced shine and durability<br>
</li>
<li><span>Hypoallergenic and nickel-free</span></li>
<li><span>Perfect for everyday wear or special occasions</span></li>
</ul>
<p><span>Maxi ring with 5 intertwined strands and a 5.00 mm sphere in the center.</span><br></p>
<p><span>Australia-based</span></p>
<p><span>🚚 Fast shipping</span></p>
<p><span style=""font-size: 0.875rem;""><br>Limited pieces available</span><span></span></p>
<p><span style=""font-size: 0.875rem;"">👉 Shop now </span><span></span></p>
<p><span><br></span></p>",Title,Default Title,,
maxi-triple-band-ring-plated-in-18k-gold-with-zirconias-513639,MAXI TRIPLE BAND RING PLATED IN 18K GOLD WITH ZIRCONIAS - 513639,RING,,"<p><span style=""font-size: 0.875rem;"">Effortless elegance for your fingers </span><meta charset=""UTF-8""></p>
<p><span style=""font-size: 0.875rem;"">A timeless, versatile piece that elevates any outfit — simple yet sophisticated.</span><span></span></p>
<ul>
<li><span>Comfortable fit</span></li>
<li>18k gold plated with a high-quality triple-layer finish for enhanced shine and durability<br>
</li>
<li><span>Hypoallergenic and nickel-free</span></li>
<li><span>Perfect for everyday wear or special occasions</span></li>
</ul>
<p><span>Maxi ring with triple openwork band and 3 cubic zirconia stones of 4.00 mm. </span></p>
<p><span>Australia-based</span></p>
<p><span>🚚 Fast shipping</span></p>
<p><span style=""font-size: 0.875rem;""><br>Limited pieces available</span><span></span></p>
<p><span style=""font-size: 0.875rem;"">👉 Shop now </span><span></span></p>
<p> </p>
<p><span><br></span></p>",Title,Default Title,,
butterfly-earring-plated-in-18k-gold-52656000,Butterfly earring plated in 18k gold - 52656000,EARRINGS,,"<div class=""product__description rte quick-add-hidden"">
<p><span style=""font-size: 0.875rem;"">Effortless elegance for your everyday </span><meta charset=""UTF-8""></p>
<p><span>A timeless piece designed to elevate any look — simple, refined and easy to wear.</span></p>
<ul>
<li><span>Lightweight and comfortable</span></li>
<li>18k gold plated with a high-quality triple-layer finish for enhanced shine and durability<br>
</li>
<li><span>Hypoallergenic and nickel-free</span></li>
<li><span>Perfect for everyday styling or special occasions</span></li>
</ul>
<p><span>Wear it alone or pair it with your favorite pieces <br><br>Openwork butterfly earring. Measures 0.70 cm x 0.90 cm<br>• Material: 18k gold plated<br></span></p>
<p><span style=""font-size: 0.875rem;"">Australia-based</span><span></span></p>
<p><span>🚚 Fast shipping available</span></p>
<p><span style=""font-size: 0.875rem;"">Limited pieces available</span></p>
<p><span><br></span></p>
</div>
<p><span><br></span></p>",Title,Default Title,,
hoop-earrings-with-cubic-zirconia-18k-gold-plated-52677006,"Hoop earrings with cubic zirconia, 18k gold plated - 52677006",EARRINGS,,"<div class=""product__description rte quick-add-hidden"">
<p><span style=""font-size: 0.875rem;"">Effortless elegance for your everyday </span><meta charset=""UTF-8""></p>
<p><span>A timeless piece designed to elevate any look — simple, refined and easy to wear.</span></p>
<ul>
<li><span>Lightweight and comfortable</span></li>
<li>18k gold plated with a high-quality triple-layer finish for enhanced shine and durability<br>
</li>
<li><span>Hypoallergenic and nickel-free</span></li>
<li><span>Perfect for everyday styling or special occasions</span></li>
</ul>
<p><span>Wear it alone or pair it with your favorite pieces <br><br>Hoop earrings with two 5.0 mm cubic zirconia stones (pair). Measurements: 2.0 cm x 0.60 cm x 1.10 cm diameter <br><br></span></p>
<p><span style=""font-size: 0.875rem;"">Australia-based</span><span></span></p>
<p><span>🚚 Fast shipping available</span></p>
<p><span style=""font-size: 0.875rem;"">Limited pieces available</span></p>
<p><span><br></span></p>
</div>
<p><span><br></span></p>",Title,Default Title,,
18k-gold-plated-heart-earrings-52754600,18K GOLD PLATED HEART EARRINGS - 52754600,EARRINGS,,"<p><span style=""font-size: 0.875rem;"">Effortless elegance for your everyday </span><meta charset=""UTF-8""></p>
<p><span>A timeless piece designed to elevate any look — simple, refined and easy to wear.</span></p>
<ul>
<li><span>Lightweight and comfortable</span></li>
<li>18k gold plated with a high-quality triple-layer finish for enhanced shine and durability<br>
</li>
<li><span>Hypoallergenic and nickel-free</span></li>
<li><span>Perfect for everyday styling or special occasions</span></li>
</ul>
<p><span>Wear it alone or pair it with your favorite pieces <br><br>18K gold plated heart earrings <br></span><span><br></span></p>
<p><span style=""font-size: 0.875rem;"">Australia-based</span><span></span></p>
<p><span>🚚 Fast shipping available</span></p>
<p><span style=""font-size: 0.875rem;"">Limited pieces available</span></p>
<p> </p>
<p><span><br></span></p>",Title,Default Title,,
lotso-and-strawberry-bracelet-18k-gold-plated-with-resin-application-552191,"Lotso and Strawberry Bracelet, 18K Gold Plated with Resin Application - 552191",BRACELET,,"<p><span>Lotso and Strawberry Bracelet, 18K Gold Plated with Resin Application <br></span><span><br></span><span></span></p>
<p><span>Effortless elegance for your wrist</span></p>
<p><span>A delicate piece designed to add a touch of refinement to any look — versatile and easy to wear.</span></p>
<ul>
<li><span> Lightweight and comfortable<br></span></li>
<li>18k gold plated with a high-quality triple-layer finish for enhanced shine and durability</li>
<li><span>Hypoallergenic and nickel-free</span></li>
<li><span> Perfect for stacking or wearing alone</span></li>
</ul>
<p><span>Australia-based</span></p>
<p><span>🚚 Fast shipping available</span><span></span></p>
<p><span>Limited pieces available</span><span></span></p>
<p><span>👉 Shop now </span><span></span></p>
<p><span><br></span></p>",Title,Default Title,,
18k-gold-plated-boy-pendant-with-zirconia-5419260006,18K GOLD PLATED BOY PENDANT WITH ZIRCONIA - 5419260006,PENDANT,,"<p><span style=""font-size: 0.875rem;"">A subtle touch of elegance </span><meta charset=""UTF-8""></p>
<p><span style=""font-size: 0.875rem;"">Designed to complement any necklace or chain, this pendant is timeless and refined.</span><span></span></p>
<ul>
<li><span>Minimal, elegant design</span></li>
<li>18k gold plated with a high-quality triple-layer finish for enhanced shine and durability<br>
</li>
<li><span>Hypoallergenic and nickel-free</span></li>
<li>Easy to layer or wear solo</li>
</ul>
<p><span><br></span><span>Pendant featuring a 4.00 mm round white cubic zirconia with a piece crafted in the shape of a ""boy on a swing"". Measures: 3.30 cm. <br>• Material: 18k gold plated</span><br></p>
<p><span style=""font-size: 0.875rem;"">Based in Australia</span><span></span></p>
<p><span>🚚 Fast shipping<br><br></span><span></span></p>
<p><span>👉 Shop now </span></p>
<p><span><br></span></p>
<p><span><br></span></p>",Title,Default Title,5419260006,
18k-gold-plated-starfish-earrings-5276090000,18K GOLD PLATED STARFISH EARRINGS - 5276090000,EARRINGS,,"<div class=""product__description rte quick-add-hidden"">
<p><span style=""font-size: 0.875rem;"">Effortless elegance for your everyday </span><meta charset=""UTF-8""></p>
<p><span>A timeless piece designed to elevate any look — simple, refined and easy to wear.</span></p>
<ul>
<li><span>Lightweight and comfortable</span></li>
<li>18k gold plated with a high-quality triple-layer finish for enhanced shine and durability<br>
</li>
<li><span>Hypoallergenic and nickel-free</span></li>
<li><span>Perfect for everyday styling or special occasions</span></li>
</ul>
<p><span>Wear it alone or pair it with your favorite pieces <br><br></span><span>18K gold plated starfish earrings <br></span><br></p>
<p><span style=""font-size: 0.875rem;"">Australia-based</span><span></span></p>
<p><span>🚚 Fast shipping available</span></p>
<p><span style=""font-size: 0.875rem;"">Limited pieces available</span></p>
<p> </p>
<p><span><br></span></p>
</div>
<p><span><br></span></p>",Title,Default Title,,
18k-gold-plated-skinny-infinity-ring-5136231400,18K GOLD PLATED SKINNY INFINITY RING - 5136231400,RING,,"<p><span style=""font-size: 0.875rem;"">Effortless elegance for your fingers </span><meta charset=""UTF-8""></p>
<p><span style=""font-size: 0.875rem;"">A timeless, versatile piece that elevates any outfit — simple yet sophisticated.</span><span></span></p>
<ul>
<li><span>Comfortable fit</span></li>
<li>18k gold plated with a high-quality triple-layer finish for enhanced shine and durability<br>
</li>
<li><span>Hypoallergenic and nickel-free</span></li>
<li><span>Perfect for everyday wear or special occasions</span></li>
</ul>
<p><span>Skinny infinity ring. </span></p>
<p><span>Australia-based</span></p>
<p><span>🚚 Fast shipping</span></p>
<p><span style=""font-size: 0.875rem;""><br>Limited pieces available</span><span></span></p>
<p><span style=""font-size: 0.875rem;"">👉 Shop now </span></p>",Title,Default Title,,
double-band-ring-plated-in-18k-gold-with-spheres-and-cubic-zirconia-5135511206,Double band ring plated in 18k gold with spheres and cubic zirconia - 5135511206,RING,,"<p><span style=""font-size: 0.875rem;"">Effortless elegance for your fingers </span><meta charset=""UTF-8""></p>
<p><span style=""font-size: 0.875rem;"">A timeless, versatile piece that elevates any outfit — simple yet sophisticated.</span><span></span></p>
<ul>
<li><span>Comfortable fit</span></li>
<li>18k gold plated with a high-quality triple-layer finish for enhanced shine and durability<br>
</li>
<li><span>Hypoallergenic and nickel-free</span></li>
<li><span>Perfect for everyday wear or special occasions</span></li>
</ul>
<p><span>Double band ring with one row of 9 3.00 mm spheres and one row of 11 2.00 mm cubic zirconia stones. </span></p>
<p><span>Australia-based</span></p>
<p><span>🚚 Fast shipping</span></p>
<p><span style=""font-size: 0.875rem;""><br>Limited pieces available</span><span></span></p>
<p><span style=""font-size: 0.875rem;"">👉 Shop now </span></p>
<p><span><br></span></p>
<p><span><br></span></p>",Title,Default Title,,
skinny-butterfly-ring-plated-in-18k-gold-with-cubic-zirconia-5134831606,Skinny butterfly ring plated in 18k gold with cubic zirconia - 5134831606,RING,,"<p><span style=""font-size: 0.875rem;"">Effortless elegance for your fingers </span><meta charset=""UTF-8""></p>
<p><span style=""font-size: 0.875rem;"">A timeless, versatile piece that elevates any outfit — simple yet sophisticated.</span><span></span></p>
<ul>
<li><span>Comfortable fit</span></li>
<li>18k gold plated with a high-quality triple-layer finish for enhanced shine and durability<br>
</li>
<li><span>Hypoallergenic and nickel-free</span></li>
<li><span>Perfect for everyday wear or special occasions</span></li>
</ul>
<p><span>Skinny butterfly ring with three 1.50 mm cubic zirconia stones and three 2.50 mm cubic zirconia stones. </span></p>
<p><span>Australia-based</span></p>
<p><span>🚚 Fast shipping</span></p>
<p><span style=""font-size: 0.875rem;""><br>Limited pieces available</span><span></span></p>
<p><span style=""font-size: 0.875rem;"">👉 Shop now </span></p>
<p><span><br></span></p>
<p><span><br></span></p>",Title,Default Title,,
choker-with-customizable-pendant-plate-18k-gold-plated-5326235000,"Choker with customizable pendant plate, 18K gold plated - 5326235000",PENDANT,,"<p><span style=""font-size: 0.875rem;"">A piece that completes your look 🤍</span><meta charset=""UTF-8""></p>
<p><span style=""font-size: 0.875rem;"">Delicate, timeless and designed for everyday elegance.</span><span></span></p>
<ul>
<li><span>Elegant and minimal design</span></li>
<li>18k gold plated with a high-quality triple-layer finish for enhanced shine and durability<br>
</li>
<li><span>Hypoallergenic and nickel-free</span></li>
<li>
<span>Easy to layer or wear on its own</span><span></span><br>
</li>
</ul>
<p><span>Perfect for elevating even the simplest outfit <br><br>Choker with customizable pendant plate, 18K gold plated <br><br></span></p>
<p><span>🇦🇺 Based in Australia</span></p>
<p><span>🚚 Fast shipping</span></p>
<p><span style=""font-size: 0.875rem;"">👉 Shop now </span></p>
<div class=""product__description rte quick-add-hidden""><br></div>",Title,Default Title,,
brinco-coracao-banhado-a-ouro-18k-com-cristais-522372,18K GOLD PLATED HEART EARRINGS WITH CRYSTALS - 522372,EARRINGS,,"<div class=""product__description rte quick-add-hidden"">
<p><span style=""font-size: 0.875rem;"">Effortless elegance for your everyday </span><meta charset=""UTF-8""></p>
<p><span>A timeless piece designed to elevate any look — simple, refined and easy to wear.</span></p>
<ul>
<li><span>Lightweight and comfortable</span></li>
<li>18k gold plated with a high-quality triple-layer finish for enhanced shine and durability<br>
</li>
<li><span>Hypoallergenic and nickel-free</span></li>
<li><span>Perfect for everyday styling or special occasions</span></li>
</ul>
<p><span>Wear it alone or pair it with your favorite pieces <br><br></span><span>Heart earrings with crystals<br></span><br></p>
<p><span style=""font-size: 0.875rem;"">Australia-based</span><span></span></p>
<p><span>🚚 Fast shipping available</span></p>
<p><span style=""font-size: 0.875rem;"">Limited pieces available</span></p>
<p> </p>
<p><span><br></span></p>
</div>
<p><span><br></span></p>",Title,Default Title,,
18k-gold-plated-earrings-with-crystals-and-synthetic-pearls-52395112,18K GOLD PLATED EARRINGS WITH CRYSTALS AND SYNTHETIC PEARLS - 52395112,EARRINGS,,"<p><span style=""font-size: 0.875rem;"">Effortless elegance for your everyday </span><meta charset=""UTF-8""></p>
<p><span>A timeless piece designed to elevate any look — simple, refined and easy to wear.</span></p>
<ul>
<li><span>Lightweight and comfortable</span></li>
<li>18k gold plated with a high-quality triple-layer finish for enhanced shine and durability<br>
</li>
<li><span>Hypoallergenic and nickel-free</span></li>
<li><span>Perfect for everyday styling or special occasions</span></li>
</ul>
<p><span>Wear it alone or pair it with your favorite pieces <br><br></span><span>Earrings with crystal and synthetic pearls <br></span><br></p>
<p><span style=""font-size: 0.875rem;"">Australia-based</span><span></span></p>
<p><span>🚚 Fast shipping available</span></p>
<p><span style=""font-size: 0.875rem;"">Limited pieces available</span></p>
<p> </p>
<p><span><br></span></p>",Title,Default Title,,
curved-earring-with-cubic-zirconia-18k-gold-plated-52751906,"Curved earring with cubic zirconia, 18K gold plated - 52751906",EARRINGS,,"<p><span style=""font-size: 0.875rem;"">Effortless elegance for your everyday </span><meta charset=""UTF-8""></p>
<p><span>A timeless piece designed to elevate any look — simple, refined and easy to wear.</span></p>
<ul>
<li><span>Lightweight and comfortable</span></li>
<li>18k gold plated with a high-quality triple-layer finish for enhanced shine and durability<br>
</li>
<li><span>Hypoallergenic and nickel-free</span></li>
<li><span>Perfect for everyday styling or special occasions</span></li>
</ul>
<p><span>Wear it alone or pair it with your favorite pieces <br><br></span><span>Curved earring with cubic zirconia<br></span><br></p>
<p><span style=""font-size: 0.875rem;"">Australia-based</span><span></span></p>
<p><span>🚚 Fast shipping available</span></p>
<p><span style=""font-size: 0.875rem;"">Limited pieces available</span></p>
<p> </p>
<p><span><br></span></p>",Title,Default Title,,
gargantilha-com-pingente-esfera-banhada-a-ouro-18k-53254900,18K GOLD PLATED CHOKER WITH SPHERE PENDANT - 53254900,PENDANT,,"<div class=""vtex-flex-layout-0-x-flexColChild vtex-flex-layout-0-x-flexColChild--pdp-description-fac-0001 pb0""></div>
<div class=""vtex-flex-layout-0-x-flexColChild vtex-flex-layout-0-x-flexColChild--pdp-description-fac-0001 pb0"">
<div class=""maeztraio-any-product-field-0-x-AnyProductFieldWrapper maeztraio-any-product-field-0-x-AnyProductFieldWrapper--pdp-product-value-fac-0001 maeztraio-any-product-field-0-x-AnyProductFieldWrapper--pdp-description-collection-fac-0001"">
<p class=""maeztraio-any-product-field-0-x-AnyProductFieldData maeztraio-any-product-field-0-x-AnyProductFieldData--pdp-product-value-fac-0001 maeztraio-any-product-field-0-x-AnyProductFieldData--pdp-description-collection-fac-0001""><span style=""font-size: 0.875rem;"">A piece that completes your look</span></p>
<p><span style=""font-size: 0.875rem;"">Delicate, timeless and designed for everyday elegance.</span><span></span></p>
<ul>
<li><span>Elegant and minimal design</span></li>
<li>18k gold plated with a high-quality triple-layer finish for enhanced shine and durability<br>
</li>
<li><span>Hypoallergenic and nickel-free</span></li>
<li>
<span>Easy to layer or wear on its own</span><span></span><br>
</li>
</ul>
<p><span>Perfect for elevating even the simplest outfit <br><br></span></p>
<p>Choker necklace made of a 0.40 mm Venetian chain with a 10.00 mm ball pendant. Measures 45 cm.<br><br></p>
<p><span> Based in Australia</span></p>
<p><span>🚚 Fast shipping</span></p>
<p><span style=""font-size: 0.875rem;"">👉 Shop now </span></p>
</div>
</div>",Title,Default Title,,
gold-plated-butterfly-earring-with-zirconias-527326,GOLD PLATED BUTTERFLY EARRING WITH ZIRCONIAS - 527326,EARRINGS,,"<p><span style=""font-size: 0.875rem;"">Effortless elegance for your everyday </span><meta charset=""UTF-8""></p>
<p><span>A timeless piece designed to elevate any look — simple, refined and easy to wear.</span></p>
<ul>
<li><span>Lightweight and comfortable</span></li>
<li>18k gold plated with a high-quality triple-layer finish for enhanced shine and durability<br>
</li>
<li><span>Hypoallergenic and nickel-free</span></li>
<li><span>Perfect for everyday styling or special occasions</span></li>
</ul>
<p><span>Wear it alone or pair it with your favorite pieces <br><br></span><span>Butterfly earrings studded with 28 1.00 mm cubic zirconia stones (pair). Measurements: 0.90 cm x 1.20 cm<br></span><br></p>
<p><span style=""font-size: 0.875rem;"">Australia-based</span><span></span></p>
<p><span>🚚 Fast shipping available</span></p>
<p><span style=""font-size: 0.875rem;"">Limited pieces available</span></p>
<p><span><br></span></p>",Title,Default Title,,
18k-gold-plated-triangle-earring-set-with-zirconias-52728406,18K GOLD PLATED TRIANGLE EARRING SET WITH ZIRCONIAS - 52728406,EARRINGS,,"<p><span style=""font-size: 0.875rem;"">Effortless elegance for your everyday </span><meta charset=""UTF-8""></p>
<p><span>A timeless piece designed to elevate any look — simple, refined and easy to wear.</span></p>
<ul>
<li><span>Lightweight and comfortable</span></li>
<li>18k gold plated with a high-quality triple-layer finish for enhanced shine and durability<br>
</li>
<li><span>Hypoallergenic and nickel-free</span></li>
<li><span>Perfect for everyday styling or special occasions</span></li>
</ul>
<p><span>Wear it alone or pair it with your favorite pieces <br><br></span><span>Earring set with one pair of solitaire earrings composed of two 4x4 mm triangular cubic zirconia stones and one pair of hoop earrings composed of two 4x4 mm triangular cubic zirconia stones. Measurements: 0.50 x 0.50 cm / 2.00 x 0.50 cm</span><span>• </span></p>
<p><span style=""font-size: 0.875rem;"">Australia-based</span><span></span></p>
<p><span>🚚 Fast shipping available</span></p>
<p><span style=""font-size: 0.875rem;"">Limited pieces available</span></p>
<p><span><br></span></p>",Title,Default Title,,
18k-gold-plated-half-hoop-earrings-527079,18K GOLD PLATED HALF HOOP EARRINGS - 527079,EARRINGS,,"<p><span style=""font-size: 0.875rem;"">Effortless elegance for your everyday </span><meta charset=""UTF-8""></p>
<p><span>A timeless piece designed to elevate any look — simple, refined and easy to wear.</span></p>
<ul>
<li><span>Lightweight and comfortable</span></li>
<li>18k gold plated with a high-quality triple-layer finish for enhanced shine and durability<br>
</li>
<li><span>Hypoallergenic and nickel-free</span></li>
<li><span>Perfect for everyday styling or special occasions</span></li>
</ul>
<p><span>Wear it alone or pair it with your favorite pieces <br><br></span></p>
<p><span>Half-hoop earring with smooth wires. Measures 1.3 cm<br></span><br></p>
<p><span style=""font-size: 0.875rem;"">Australia-based</span><span></span></p>
<p><span>🚚 Fast shipping available</span></p>
<p><span style=""font-size: 0.875rem;"">Limited pieces available</span></p>
<p><span><br></span></p>",Title,Default Title,,
childrens-solitaire-earring-plated-in-18k-gold-with-crystals-52409206,Children's solitaire earring plated in 18k gold with crystals - 52409206,EARRINGS,,"<p><span style=""font-size: 0.875rem;"">Effortless elegance for your everyday </span><meta charset=""UTF-8""></p>
<p><span>A timeless piece designed to elevate any look — simple, refined and easy to wear.</span></p>
<ul>
<li><span>Lightweight and comfortable</span></li>
<li>18k gold plated with a high-quality triple-layer finish for enhanced shine and durability<br>
</li>
<li><span>Hypoallergenic and nickel-free</span></li>
<li><span>Perfect for everyday styling or special occasions</span></li>
</ul>
<p><span>Wear it alone or pair it with your favorite pieces <br><br></span></p>
<p><span>Children's solitaire star-shaped earring with crystal. Measures 0.5 cm. <br><br></span></p>
<p><span style=""font-size: 0.875rem;"">Australia-based</span><span></span></p>
<p><span>🚚 Fast shipping available</span></p>
<p><span style=""font-size: 0.875rem;"">Limited pieces available</span></p>
<p><span><br></span></p>",Title,Default Title,,
wavy-hoop-earring-plated-in-18k-gold-with-rhodium-plating-52038800,Wavy hoop earring plated in 18k gold with rhodium plating - 52038800,EARRINGS,,"<p><span style=""font-size: 0.875rem;"">Effortless elegance for your everyday </span><meta charset=""UTF-8""></p>
<p><span>A timeless piece designed to elevate any look — simple, refined and easy to wear.</span></p>
<ul>
<li><span>Lightweight and comfortable</span></li>
<li>18k gold plated with a high-quality triple-layer finish for enhanced shine and durability<br>
</li>
<li><span>Hypoallergenic and nickel-free</span></li>
<li><span>Perfect for everyday styling or special occasions</span></li>
</ul>
<p><span>Wear it alone or pair it with your favorite pieces <br><br>Wavy, openwork hoop earring with rhodium plating. Measures: 1.8 cm <br></span></p>
<p><span style=""font-size: 0.875rem;"">Australia-based</span><span></span></p>
<p><span>🚚 Fast shipping available</span></p>
<p><span style=""font-size: 0.875rem;"">Limited pieces available</span></p>
<p> </p>
<p><span><br></span></p>",Title,Default Title,,
brinco-argola-banhado-a-ouro-18k-com-zirconias-52321406,18K GOLD PLATED HOOP EARRINGS WITH ZIRCONIAS - 52321406,EARRINGS,,"<p><span style=""font-size: 0.875rem;"">Effortless elegance for your everyday </span><meta charset=""UTF-8""></p>
<p><span>A timeless piece designed to elevate any look — simple, refined and easy to wear.</span></p>
<ul>
<li><span>Lightweight and comfortable</span></li>
<li>18k gold plated with a high-quality triple-layer finish for enhanced shine and durability<br>
</li>
<li><span>Hypoallergenic and nickel-free</span></li>
<li><span>Perfect for everyday styling or special occasions</span></li>
</ul>
<p><span>Wear it alone or pair it with your favorite pieces <br><br>Pair of hoop earrings studded with 10 cubic zirconia stones 0.7 cm diameter<br></span></p>
<p><span style=""font-size: 0.875rem;"">Australia-based</span><span></span></p>
<p><span>🚚 Fast shipping available</span></p>
<p><span style=""font-size: 0.875rem;"">Limited pieces available</span></p>
<p> </p>",Title,Default Title,,
18k-gold-plated-hook-earring-with-spheres-527166,18K GOLD PLATED HOOK EARRING WITH SPHERES - 527166,EARRINGS,,"<p><span style=""font-size: 0.875rem;"">Effortless elegance for your everyday </span><meta charset=""UTF-8""></p>
<p><span>A timeless piece designed to elevate any look — simple, refined and easy to wear.</span></p>
<ul>
<li><span>Lightweight and comfortable</span></li>
<li>18k gold plated with a high-quality triple-layer finish for enhanced shine and durability<br>
</li>
<li><span>Hypoallergenic and nickel-free</span></li>
<li><span>Perfect for everyday styling or special occasions</span></li>
</ul>
<p><span>Wear it alone or pair it with your favorite pieces <br><br></span></p>
<p><span>Earrings consisting of 4 hollow spheres hanging from each other (pair). Measurements: 4.4 x 1.2 cm <br></span><br></p>
<p><span style=""font-size: 0.875rem;"">Australia-based</span><span></span></p>
<p><span>🚚 Fast shipping available</span></p>
<p><span style=""font-size: 0.875rem;"">Limited pieces available</span></p>
<p> </p>
<p><span><br></span></p>",Title,Default Title,,
18k-gold-plated-choker-with-salamander-wire-531779,18K GOLD PLATED CHOKER WITH SALAMANDER WIRE 531779,CHOKER,,"<p class=""maeztraio-any-product-field-0-x-AnyProductFieldData maeztraio-any-product-field-0-x-AnyProductFieldData--pdp-product-value-fac-0001 maeztraio-any-product-field-0-x-AnyProductFieldData--pdp-description-collection-fac-0001""><span style=""font-size: 0.875rem;"">A piece that completes your look</span></p>
<p><span style=""font-size: 0.875rem;"">Delicate, timeless and designed for everyday elegance.</span><span></span></p>
<ul>
<li><span>Elegant and minimal design</span></li>
<li>18k gold plated with a high-quality triple-layer finish for enhanced shine and durability<br>
</li>
<li><span>Hypoallergenic and nickel-free</span></li>
<li>
<span>Easy to layer or wear on its own</span><span></span><br>
</li>
</ul>
<p><span>Perfect for elevating even the simplest outfit <br><br></span></p>
<p><span>Choker necklace made of 1.00mm salamander wire. Medical grade. 38cm. <br></span><br></p>
<p><span> Based in Australia</span></p>
<p><span>🚚 Fast shipping</span></p>
<p><span style=""font-size: 0.875rem;"">👉 Shop now </span></p>
<p> </p>
<p><span><br></span></p>",Title,Default Title,,
double-link-bracelet-in-solid-925-silver-85011000,Double link bracelet in solid 925 silver - 85011000,BRACELET,,<p><span>Double link bracelet in solid 925 silver <br>• Material: 925 Sterling Silver <br>• Size: 19 cm <br>• Age Range: Adult<br><br>All Rommanel jewellery is nickel-free and hypoallergenic.<br></span></p>,Title,Default Title,,
solid-925-sterling-silver-heart-solitaire-pendant-with-cubic-zirconia-84022533,Solid 925 Sterling Silver Heart Solitaire Pendant with Cubic Zirconia - 84022533,PENDANT,,"<p><meta charset=""UTF-8""><span>Solitaire pendant with 1 heart-shaped cubic zirconia (4x4 mm). Measures: 1.2 cm x 0.60 cm • Material: 925 Sterling Silver <br>• Collection: Cycles of Life Collection <br>• Shape: Heart <br>• Color: Red <br>• Composition: Cubic Zirconia <br>• Age Range: Adult<br><br>All Rommanel jewellery is nickel-free and hypoallergenic.<br></span></p>",Title,Default Title,,
925-sterling-silver-gourmet-link-necklace-830054,925 Sterling Silver Gourmet Link Necklace - 830054,NECKLACE,,"<p><meta charset=""UTF-8""><span>Choker necklace made of a diamond-cut gourmet chain, 0.35 mm wire. 50 cm long <br>• Material: Solid 925 Sterling Silver <br>• Collection: Eternally 925 Sterling Silver Collection <br>• Shape: Sea Element <br>• Age Range: Adult<br><br>All Rommanel jewellery is nickel-free and hypoallergenic.<br></span></p>",Title,Default Title,,
solid-925-sterling-silver-butterfly-earrings-82029000,SOLID 925 STERLING SILVER BUTTERFLY EARRINGS - 82029000,EARRINGS,,"<p><meta charset=""UTF-8""><span>Butterfly earring with raised bead detailing. Measures: 0.70 cm x 0.90 cm <br>• Material: 925 Sterling Silver <br>• Collection: Aurora Collection <br>• Shape: Butterfly <br>• Age Range: Adult<br><br>All Rommanel jewellery is nickel-free and hypoallergenic.<br></span></p>",Title,Default Title,,
solitaire-teardrop-earring-in-925-sterling-silver-with-cubic-zirconia-82026206,Solitaire teardrop earring in 925 sterling silver with cubic zirconia - 82026206,EARRINGS,,"<p><meta charset=""UTF-8""><span>Solitaire earring set with 2 teardrop cubic zirconia stones measuring 5x7 mm (pair). Measurements: 0.90 cm x 0.70 cm </span></p>
<p><span>• Material: Solid 925 Sterling Silver • Collection: Aurora Collection <br></span><span>• Shape: Teardrop<br></span><span style=""font-size: 0.875rem;"">• </span><span style=""font-size: 0.875rem;"">Color: White<br></span><span> • Composition: Cubic Zirconia <br></span><span>• Age Range: Adult<br><br>All Rommanel jewellery is nickel-free and hypoallergenic.<br></span></p>",Title,Default Title,,
butterfly-earring-in-925-sterling-silver-with-cubic-zirconia-stones-82023006,Butterfly earring in 925 sterling silver with cubic zirconia stones - 82023006,EARRINGS,,<p><span>Butterfly earrings studded with 10 1.0 mm cubic zirconia stones (pair). Measures 0.60 cm x 0.60 cm<br>• Material: 925 Sterling Silver <br>• Collection: 925 Sterling Silver Collection <br>• Composition: Cubic Zirconia <br>• Age Range: Adult/Children<br><br>All Rommanel jewellery is nickel-free and hypoallergenic.<br></span></p>,Title,Default Title,,
3mm-925-sterling-silver-ball-earrings-82021200,3mm 925 Sterling Silver Ball Earrings - 82021200,EARRINGS,,"<p><meta charset=""UTF-8""><span>3mm ball stud earrings. 3mm diameter <br>• Material: 925 Sterling Silver <br>• Collection: Rommanel Permanent Line <br>• Age Range: Adult/Children<br><br>All Rommanel jewellery is nickel-free and hypoallergenic.<br></span></p>",Title,Default Title,,
925-sterling-silver-hoop-earrings-with-cubic-zirconia-82016906,925 Sterling Silver Hoop Earrings with Cubic Zirconia - 82016906,EARRINGS,,"<p><meta charset=""UTF-8""><span>Hoop earrings studded with 40 1.25 mm cubic zirconia stones (pair). Measures: 1.40 cm in diameter (external) <br>• Material: Solid 925 Sterling Silver <br>• Collection: Rommanel Permanent Line <br>• Shape: Circle and Ball <br>• Color: White <br>• Composition: Cubic Zirconia <br>• Age Range: Adult<br><br>All Rommanel jewellery is nickel-free and hypoallergenic.<br></span></p>",Title,Default Title,,
childrens-crown-earrings-18k-gold-plated-52494800,"Children's Crown Earrings, 18K Gold Plated - 52494800",EARRINGS,,"<p><span style=""font-size: 0.875rem;"">Effortless elegance for your everyday </span><meta charset=""UTF-8""></p>
<p><span>A timeless piece designed to elevate any look — simple, refined and easy to wear.</span></p>
<ul>
<li><span>Lightweight and comfortable</span></li>
<li>18k gold plated with a high-quality triple-layer finish for enhanced shine and durability<br>
</li>
<li><span>Hypoallergenic and nickel-free</span></li>
<li><span>Perfect for everyday styling or special occasions</span></li>
</ul>
<p><span>Wear it alone or pair it with your favorite pieces <br><br></span></p>
<p><span>Children's earring with openwork crown design and granulated detail. Measures 0.70 cm x 0.80 cm. <br><br></span></p>
<p><span style=""font-size: 0.875rem;"">Australia-based</span><span></span></p>
<p><span>🚚 Fast shipping available</span></p>
<p><span style=""font-size: 0.875rem;"">Limited pieces available</span></p>
<p><span><span style=""font-size: 0.875rem;""></span><br></span></p>",Title,Default Title,,
childrens-bird-earrings-18k-gold-plated-52409500,"Children's Bird Earrings, 18K Gold Plated - 52409500",EARRINGS,,"<p><span style=""font-size: 0.875rem;"">Effortless elegance for your everyday </span><meta charset=""UTF-8""></p>
<p><span>A timeless piece designed to elevate any look — simple, refined and easy to wear.</span></p>
<ul>
<li><span>Lightweight and comfortable</span></li>
<li>18k gold plated with a high-quality triple-layer finish for enhanced shine and durability<br>
</li>
<li><span>Hypoallergenic and nickel-free</span></li>
<li><span>Perfect for everyday styling or special occasions</span></li>
</ul>
<p><span>Wear it alone or pair it with your favorite pieces </span><span></span></p>
<p><span>Children's Bird Earrings, 18K Gold Plated <br></span><br></p>
<p><span style=""font-size: 0.875rem;"">Australia-based</span><span></span></p>
<p><span>🚚 Fast shipping available</span></p>
<p><span style=""font-size: 0.875rem;"">Limited pieces available</span></p>
<p> </p>
<p><span><span style=""font-size: 0.875rem;""></span><br></span></p>",Title,Default Title,,
18k-gold-plated-earrings-with-zirconias-52405106,18K GOLD PLATED EARRINGS WITH ZIRCONIAS - 52405106,EARRINGS,,"<p><span style=""font-size: 0.875rem;"">Effortless elegance for your everyday </span><meta charset=""UTF-8""></p>
<p><span>A timeless piece designed to elevate any look — simple, refined and easy to wear.</span></p>
<ul>
<li><span>Lightweight and comfortable</span></li>
<li>18k gold plated with a high-quality triple-layer finish for enhanced shine and durability<br>
</li>
<li><span>Hypoallergenic and nickel-free</span></li>
<li><span>Perfect for everyday styling or special occasions</span></li>
</ul>
<p><span>Wear it alone or pair it with your favorite pieces <br></span></p>
<p><span>Heart-shaped earrings with 20 cubic zirconia stones (pair). 0.7 mm diameter. <br><span style=""font-size: 0.875rem;""></span></span></p>
<p><span style=""font-size: 0.875rem;"">Australia-based</span><span></span></p>
<p><span>🚚 Fast shipping available</span></p>
<p><span style=""font-size: 0.875rem;"">Limited pieces available</span></p>
<p> </p>
<p><span><span style=""font-size: 0.875rem;""></span><br></span></p>",Title,Default Title,,
18k-gold-plated-half-hoop-earring-with-zirconias-527094,18K GOLD PLATED HALF HOOP EARRING WITH ZIRCONIAS - 527094,EARRINGS,,"<p><span style=""font-size: 0.875rem;"">Effortless elegance for your everyday </span><meta charset=""UTF-8""></p>
<p><span>A timeless piece designed to elevate any look — simple, refined and easy to wear.</span></p>
<ul>
<li><span>Lightweight and comfortable</span></li>
<li>18k gold plated with a high-quality triple-layer finish for enhanced shine and durability<br>
</li>
<li><span>Hypoallergenic and nickel-free</span></li>
<li><span>Perfect for everyday styling or special occasions</span></li>
</ul>
<p><span>Wear it alone or pair it with your favorite pieces <br></span></p>
<p><span>Half hoop earrings with zirconias</span><span style=""font-size: 0.875rem;"">Australia-based</span><span></span></p>
<p><span>🚚 Fast shipping available</span></p>
<p><span style=""font-size: 0.875rem;"">Limited pieces available</span></p>",Title,Default Title,,
18k-gold-plated-half-hoop-earrings-52672600,18K GOLD PLATED HALF HOOP EARRINGS - 52672600,EARRINGS,,"<p><span style=""font-size: 0.875rem;"">Effortless elegance for your everyday </span><meta charset=""UTF-8""></p>
<p><span>A timeless piece designed to elevate any look — simple, refined and easy to wear.</span></p>
<ul>
<li><span>Lightweight and comfortable</span></li>
<li>18k gold plated with a high-quality triple-layer finish for enhanced shine and durability<br>
</li>
<li><span>Hypoallergenic and nickel-free</span></li>
<li><span>Perfect for everyday styling or special occasions</span></li>
</ul>
<p><span>Wear it alone or pair it with your favorite pieces <br></span></p>
<p><span>Smooth half-hoop earring. Measures 1.3 cm <br><br></span><span style=""font-size: 0.875rem;"">Australia-based</span><span></span></p>
<p><span>🚚 Fast shipping available</span></p>
<p><span style=""font-size: 0.875rem;"">Limited pieces available</span></p>
<p><span><span style=""font-size: 0.875rem;""></span><br></span></p>",Title,Default Title,,
childrens-bracelet-plated-in-18k-gold-with-beads-55010400,Children's bracelet plated in 18k gold plated with beads - 551202,BRACELET,,"<p>Children's bracelet made of 2 mm beads. Measures 14 cm.</p>
<p><span>Effortless elegance for your wrist</span></p>
<p><span>A delicate piece designed to add a touch of refinement to any look — versatile and easy to wear.</span></p>
<ul>
<li><span> Lightweight and comfortable<br></span></li>
<li>18k gold plated with a high-quality triple-layer finish for enhanced shine and durability</li>
<li><span>Hypoallergenic and nickel-free</span></li>
<li><span> Perfect for stacking or wearing alone</span></li>
</ul>
<p><span>Australia-based</span></p>
<p><span>🚚 Fast shipping available</span><span></span></p>
<p><span>Limited pieces available</span><span></span></p>
<p><span>👉 Shop now </span></p>",Title,Default Title,,
18k-gold-plated-choker-with-diamond-shaped-chain-53146800,18K GOLD PLATED CHOKER WITH DIAMOND-SHAPED CHAIN - 53146800,CHEKER,,"<p><span style=""font-size: 0.875rem;"">A piece that completes your look</span><meta charset=""UTF-8""></p>
<p><span style=""font-size: 0.875rem;"">Delicate, timeless and designed for everyday elegance.</span><span></span></p>
<ul>
<li><span>Elegant and minimal design</span></li>
<li>18k gold plated with a high-quality triple-layer finish for enhanced shine and durability<br>
</li>
<li><span>Hypoallergenic and nickel-free</span></li>
<li>
<span>Easy to layer or wear on its own</span><span></span><br>
</li>
</ul>
<p><span>Perfect for elevating even the simplest outfit <br><br></span><span>Choker made of 1x1 hammered diamond-shaped wire. Measures 42 cm. <br>• Material: 18k gold plated</span></p>
<p><span> Based in Australia</span></p>
<p><span>🚚 Fast shipping</span></p>
<p><span style=""font-size: 0.875rem;"">👉 Shop now </span></p>
<p><span><span style=""font-size: 0.875rem;""></span><br></span></p>",Title,Default Title,,
18k-gold-plated-choker-with-lock-chain-53163800,18K GOLD PLATED CHOKER NECKLACE WITH LOCK CHAIN - 53163800,NECKLACE,,"<p><span style=""font-size: 0.875rem;"">A piece that completes your look</span><meta charset=""UTF-8""></p>
<p><span style=""font-size: 0.875rem;"">Delicate, timeless and designed for everyday elegance.</span><span></span></p>
<ul>
<li><span>Elegant and minimal design</span></li>
<li>18k gold plated with a high-quality triple-layer finish for enhanced shine and durability<br>
</li>
<li><span>Hypoallergenic and nickel-free</span></li>
<li>
<span>Easy to layer or wear on its own</span><span></span><br>
</li>
</ul>
<p><span>Perfect for elevating even the simplest outfit <br><br></span><span>Choker necklace made of 0.20mm chain with a padlock closure. Measures 42cm. <br><br></span></p>
<p><span> Based in Austral</span><span style=""font-size: 0.875rem;"">ia</span></p>
<p><span>🚚 Fast shipping</span></p>
<p><span style=""font-size: 0.875rem;"">👉 Shop now </span></p>
<p> </p>
<p><span style=""font-size: 0.875rem;""><span></span><br></span></p>",Title,Default Title,,
butterfly-earring-plated-in-18k-gold-with-synthetic-stones-52756627,Butterfly earring plated in 18k gold with synthetic stones - 52756627,EARRINGS,,"<p><span style=""font-size: 0.875rem;"">Effortless elegance for your everyday </span><meta charset=""UTF-8""></p>
<p><span>A timeless piece designed to elevate any look — simple, refined and easy to wear.</span></p>
<ul>
<li><span>Lightweight and comfortable</span></li>
<li>18k gold plated with a high-quality triple-layer finish for enhanced shine and durability<br>
</li>
<li><span>Hypoallergenic and nickel-free</span></li>
<li><span>Perfect for everyday styling or special occasions</span></li>
</ul>
<p><span>Wear it alone or pair it with your favorite pieces <br><br>Butterfly earring plated in 18k gold with synthetic stones <br></span></p>
<p><span style=""font-size: 0.875rem;"">Australia-based</span><span></span></p>
<p><span>🚚 Fast shipping available</span></p>
<p><span style=""font-size: 0.875rem;"">Limited pieces available</span></p>
<p><span><br></span></p>",Title,Default Title,,
butterfly-earring-plated-in-18k-gold-with-synthetic-stones-52756506,Butterfly earring plated in 18k gold with synthetic stones - 52756506,EARRINGS,,"<p><span style=""font-size: 0.875rem;"">Effortless elegance for your everyday </span><meta charset=""UTF-8""></p>
<p><span>A timeless piece designed to elevate any look — simple, refined and easy to wear.</span></p>
<ul>
<li><span>Lightweight and comfortable</span></li>
<li>18k gold plated with a high-quality triple-layer finish for enhanced shine and durability<br>
</li>
<li><span>Hypoallergenic and nickel-free</span></li>
<li><span>Perfect for everyday styling or special occasions</span></li>
</ul>
<p><span>Wear it alone or pair it with your favorite pieces <br><br>Butterfly earring plated in 18k gold with synthetic stones <br></span></p>
<p><span style=""font-size: 0.875rem;"">Australia-based</span><span></span></p>
<p><span>🚚 Fast shipping available</span></p>
<p><span style=""font-size: 0.875rem;"">Limited pieces available</span></p>",Title,Default Title,,
18k-gold-plated-dometer-earring-52747800,18K GOLD PLATED DROP-SHAPED EARRING - 52747800,EARRINGS,,"<p><span style=""font-size: 0.875rem;"">Effortless elegance for your everyday </span><meta charset=""UTF-8""></p>
<p><span>A timeless piece designed to elevate any look — simple, refined and easy to wear.</span></p>
<ul>
<li><span>Lightweight and comfortable</span></li>
<li>18k gold plated with a high-quality triple-layer finish for enhanced shine and durability<br>
</li>
<li><span>Hypoallergenic and nickel-free</span></li>
<li><span>Perfect for everyday styling or special occasions</span></li>
</ul>
<p><span>Wear it alone or pair it with your favorite pieces <br><br>Drop-shaped earring, domed and smooth. Measurements: 1.50 cm x 0.90 cm.<br></span></p>
<p><span style=""font-size: 0.875rem;"">Australia-based</span><span></span></p>
<p><span>🚚 Fast shipping available</span></p>
<p><span style=""font-size: 0.875rem;"">Limited pieces available</span></p>
<p><span><br></span></p>",Title,Default Title,,
18k-gold-plated-earring-with-sphere-52047000,18K GOLD PLATED EARRING WITH SPHERE - 52047000,EARRINGS,,"<p><span style=""font-size: 0.875rem;"">Effortless elegance for your everyday </span><meta charset=""UTF-8""></p>
<p><span>A timeless piece designed to elevate any look — simple, refined and easy to wear.</span></p>
<ul>
<li><span>Lightweight and comfortable</span></li>
<li>18k gold plated with a high-quality triple-layer finish for enhanced shine and durability<br>
</li>
<li><span>Hypoallergenic and nickel-free</span></li>
<li><span>Perfect for everyday styling or special occasions</span></li>
</ul>
<p><span>Wear it alone or pair it with your favorite pieces <br><br>Earrings with two 8mm spheres (pair). Measures: 8mm diameter. <br></span></p>
<p><span style=""font-size: 0.875rem;"">Australia-based</span><span></span></p>
<p><span>🚚 Fast shipping available</span></p>
<p><span style=""font-size: 0.875rem;"">Limited pieces available</span></p>
<p> </p>
<p> </p>",Title,Default Title,,
18k-gold-plated-sphere-earrings-52024600,18K GOLD PLATED SPHERE EARRINGS - 52024600,EARRINGS,,"<p><span style=""font-size: 0.875rem;"">Effortless elegance for your everyday </span><meta charset=""UTF-8""></p>
<p><span>A timeless piece designed to elevate any look — simple, refined and easy to wear.</span></p>
<ul>
<li><span>Lightweight and comfortable</span></li>
<li>18k gold plated with a high-quality triple-layer finish for enhanced shine and durability<br>
</li>
<li><span>Hypoallergenic and nickel-free</span></li>
<li><span>Perfect for everyday styling or special occasions</span></li>
</ul>
<p><span>Wear it alone or pair it with your favorite pieces <br><br>Earrings with two 4mm spheres (pair). Measures: 4mm diameter. <br></span></p>
<p><span style=""font-size: 0.875rem;"">Australia-based</span><span></span></p>
<p><span>🚚 Fast shipping available</span></p>
<p><span style=""font-size: 0.875rem;"">Limited pieces available</span></p>
<p><br><meta charset=""UTF-8""></p>",Title,Default Title,,
18k-gold-plated-openwork-hoop-earrings-52317900,18K GOLD PLATED OPENWORK HOOP EARRINGS - 52317900,EARRINGS,,"<p><span style=""font-size: 0.875rem;"">Effortless elegance for your everyday </span><meta charset=""UTF-8""></p>
<p><span>A timeless piece designed to elevate any look — simple, refined and easy to wear.</span></p>
<ul>
<li><span>Lightweight and comfortable</span></li>
<li>18k gold plated with a high-quality triple-layer finish for enhanced shine and durability<br>
</li>
<li><span>Hypoallergenic and nickel-free</span></li>
<li><span>Perfect for everyday styling or special occasions</span></li>
</ul>
<p><span>Wear it alone or pair it with your favorite pieces <br><br>Hoop earring with openwork squares. Measures 1.4 cm<br></span></p>
<p><span style=""font-size: 0.875rem;"">Australia-based</span><span></span></p>
<p><span>🚚 Fast shipping available</span></p>
<p><span style=""font-size: 0.875rem;"">Limited pieces available</span></p>",Title,Default Title,,
18k-gold-plated-hoop-earrings-52290600,18K GOLD PLATED HOOP EARRINGS - 52290600,EARRINGS,,"<p><span style=""font-size: 0.875rem;"">Effortless elegance for your everyday </span><meta charset=""UTF-8""></p>
<p><span>A timeless piece designed to elevate any look — simple, refined and easy to wear.</span></p>
<ul>
<li><span>Lightweight and comfortable</span></li>
<li>18k gold plated with a high-quality triple-layer finish for enhanced shine and durability<br>
</li>
<li><span>Hypoallergenic and nickel-free</span></li>
<li><span>Perfect for everyday styling or special occasions</span></li>
</ul>
<p><span>Wear it alone or pair it with your favorite pieces <br><br>Plain hoop earring. Measures 1.7 cm.<br></span></p>
<p><span style=""font-size: 0.875rem;"">Australia-based</span><span></span></p>
<p><span>🚚 Fast shipping available</span></p>
<p><span style=""font-size: 0.875rem;"">Limited pieces available</span></p>",Title,Default Title,,
half-eternity-ring-in-925-silver-with-cubic-zirconia-81022806,Half eternity ring in 925 silver with cubic zirconia - 81022806,RING,,<p><span>Half-eternity ring set with 16 1.5 mm cubic zirconia stones.<br></span><span>• Material: 925 Sterling Silver <br>• Collection: 925 Sterling Silver Collection <br>• Composition: Cubic Zirconia <br>• Age Range: Adult<br><br>All Rommanel jewellery is nickel-free and hypoallergenic.<br></span></p>,Size,N,,
half-eternity-ring-in-925-silver-with-cubic-zirconia-81022806,,,,,,P,,
half-eternity-ring-in-925-silver-with-cubic-zirconia-81022806,,,,,,R,,
half-eternity-ring-in-925-silver-with-cubic-zirconia-81022806,,,,,,T1/2,,
half-eternity-ring-in-925-silver-with-cubic-zirconia-81022806,,,,,,V1/2,,
half-eternity-ring-in-925-silver-with-cubic-zirconia-81022806,,,,,,Y,,
half-eternity-ring-in-925-silver-with-cubic-zirconia-81022806,,,,,,Z+1,,
925-sterling-silver-gourmet-link-choker-830053,925 Sterling Silver Gourmet Link Necklace - 830053,NECKLACE,,"<p><meta charset=""UTF-8""><span>Choker necklace made of a diamond-cut gourmet link chain, 0.35 mm wire. Length: 42 cm <br>• Material: Solid 925 Sterling Silver <br>• Collection: Eternally 925 Sterling Silver Collection <br>• Shape: Sea Element <br>• Age Range: Adult<br><br>All Rommanel jewellery is nickel-free and hypoallergenic.<br></span></p>",Title,Default Title,,
925-sterling-silver-teardrop-pendant-with-cubic-zirconia-8400480010,925 Sterling Silver Teardrop Pendant with Cubic Zirconia - 8400480010,PENDANT,,"<p><meta charset=""UTF-8""><span>Teardrop-shaped pendant set with 18 1.0 mm cubic zirconia stones and one 4x6 mm teardrop-shaped cubic zirconia in the center. Measures: 1.6 cm x 0.70 cm <br>• Material: 925 Sterling Silver <br>• Collection: Eternally 925 Sterling Silver Collection <br>• Shape: Teardrop • Color: Green <br>• Composition: Cubic Zirconia <br>• Age Range: Adult<br><br>All Rommanel jewellery is nickel-free and hypoallergenic.</span></p>",Title,Default Title,,
teardrop-earrings-in-925-sterling-silver-with-cubic-zirconia-82011810,Teardrop earrings in 925 sterling silver with cubic zirconia - 82011810,EARRINGS,,"<p><meta charset=""UTF-8""><span>Teardrop-shaped earring set with 36 1.0 mm cubic zirconia stones and 2 4x6 mm teardrop-shaped cubic zirconia stones. Measurements: 0.90 cm x 0.70 cm <br>• Material: Solid 925 Sterling Silver <br>• Collection: Eternally 925 Sterling Silver Collection <br>• Shape: Teardrop <br>• Color: Green <br>• Composition: Cubic Zirconia <br>• Age Range: Adult<br><br>All Rommanel jewellery is nickel-free and hypoallergenic.<br></span></p>",Title,Default Title,,
925-sterling-silver-solitaire-ring-with-cubic-zirconia-510139,925 Sterling Silver Solitaire Ring with Cubic Zirconia - 510139,RING,,"<p><span>Solitaire ring set with 14 1.00mm cubic zirconia stones, 2 3.0mm cubic zirconia stones, and 1 6.00mm cubic zirconia stone.</span><br></p>
<p><span>• Material: 925 Sterling Silver <br>• Color: White <br>• Composition: Cubic Zirconia <br>• Age Range: Adult<br><br>All Rommanel jewellery is nickel-free and hypoallergenic.<br></span></p>",Ring size,N,,
925-sterling-silver-solitaire-ring-with-cubic-zirconia-510139,,,,,,P,,
925-sterling-silver-solitaire-ring-with-cubic-zirconia-510139,,,,,,R,,
925-sterling-silver-solitaire-ring-with-cubic-zirconia-510139,,,,,,T1/2,,
925-sterling-silver-solitaire-ring-with-cubic-zirconia-510139,,,,,,V1/2,,
925-sterling-silver-solitaire-ring-with-cubic-zirconia-510139,,,,,,Y,,
925-sterling-silver-solitaire-ring-with-cubic-zirconia-510139,,,,,,Z+1,,
18k-gold-plated-solitaire-ring-with-zirconia-510139,18K GOLD PLATED SOLITAIRE RING WITH ZIRCONIA - 510139,RING,,"<p><span style=""font-size: 0.875rem;"">Effortless elegance for your fingers </span><meta charset=""UTF-8""></p>
<p><span style=""font-size: 0.875rem;"">A timeless, versatile piece that elevates any outfit — simple yet sophisticated.</span><span></span></p>
<ul>
<li><span>Comfortable fit</span></li>
<li>18k gold plated with a high-quality triple-layer finish for enhanced shine and durability<br>
</li>
<li><span>Hypoallergenic and nickel-free</span></li>
<li><span>Perfect for everyday wear or special occasions</span></li>
</ul>
<p><span>Solitaire ring with zirconia </span></p>
<p><span>Australia-based</span></p>
<p><span>🚚 Fast shipping</span></p>
<p><span style=""font-size: 0.875rem;""><br>Limited pieces available</span><span></span></p>
<p><span style=""font-size: 0.875rem;"">👉 Shop now </span></p>",Ring size,N,,
18k-gold-plated-solitaire-ring-with-zirconia-510139,,,,,,P,,
18k-gold-plated-solitaire-ring-with-zirconia-510139,,,,,,R,,
18k-gold-plated-solitaire-ring-with-zirconia-510139,,,,,,V1/2,,
18k-gold-plated-solitaire-ring-with-zirconia-510139,,,,,,T1/2,,
18k-gold-plated-solitaire-ring-with-zirconia-510139,,,,,,Y,,
18k-gold-plated-solitaire-ring-with-zirconia-510139,,,,,,Z+1,,
half-eternity-ring-plated-in-18k-gold-with-cubic-zirconia-511125,Half eternity ring plated in 18k gold with cubic zirconia - 511125,RING,,"<p><span style=""font-size: 0.875rem;"">Effortless elegance for your fingers </span><meta charset=""UTF-8""></p>
<p><span style=""font-size: 0.875rem;"">A timeless, versatile piece that elevates any outfit — simple yet sophisticated.</span><span></span></p>
<ul>
<li><span>Comfortable fit</span></li>
<li>18k gold plated with a high-quality triple-layer finish for enhanced shine and durability<br>
</li>
<li><span>Hypoallergenic and nickel-free</span></li>
<li><span>Perfect for everyday wear or special occasions</span></li>
</ul>
<p><span>Half eternity ring plated in 18k gold with cubic zirconia</span></p>
<p><span>Australia-based</span></p>
<p><span>🚚 Fast shipping</span></p>
<p><span style=""font-size: 0.875rem;""><br>Limited pieces available</span><span></span></p>
<p><span style=""font-size: 0.875rem;"">👉 Shop now </span></p>
<p><span><br></span></p>",Ring size,Y,,
half-eternity-ring-plated-in-18k-gold-with-cubic-zirconia-511125,,,,,,R,,
half-eternity-ring-plated-in-18k-gold-with-cubic-zirconia-511125,,,,,,Z+1,,
half-eternity-ring-plated-in-18k-gold-with-cubic-zirconia-511125,,,,,,V1/2,,
half-eternity-ring-plated-in-18k-gold-with-cubic-zirconia-511125,,,,,,T1/2,,
half-eternity-ring-plated-in-18k-gold-with-cubic-zirconia-511125,,,,,,N,,
half-eternity-ring-plated-in-18k-gold-with-cubic-zirconia-511125,,,,,,P,,
18k-gold-plated-ring-with-zirconias-511384,18K GOLD PLATED RING WITH ZIRCONIAS - 511384,RING,,"<p><span style=""font-size: 0.875rem;"">Effortless elegance for your fingers </span><meta charset=""UTF-8""></p>
<p><span style=""font-size: 0.875rem;"">A timeless, versatile piece that elevates any outfit — simple yet sophisticated.</span><span></span></p>
<ul>
<li><span>Comfortable fit</span></li>
<li>18k gold plated with a high-quality triple-layer finish for enhanced shine and durability<br>
</li>
<li><span>Hypoallergenic and nickel-free</span></li>
<li><span>Perfect for everyday wear or special occasions</span></li>
</ul>
<p><span>18k gold plated ring with zirconias</span></p>
<p><span>Australia-based</span></p>
<p><span>🚚 Fast shipping</span></p>
<p><span style=""font-size: 0.875rem;""><br>Limited pieces available</span><span></span></p>
<p><span style=""font-size: 0.875rem;"">👉 Shop now </span></p>
<p> </p>
<p><span><br></span></p>",Ring size,P,,
18k-gold-plated-ring-with-zirconias-511384,,,,,,N,,
18k-gold-plated-ring-with-zirconias-511384,,,,,,Y,,
18k-gold-plated-ring-with-zirconias-511384,,,,,,R,,
18k-gold-plated-ring-with-zirconias-511384,,,,,,Z+1,,
18k-gold-plated-ring-with-zirconias-511384,,,,,,V1/2,,
18k-gold-plated-ring-with-zirconias-511384,,,,,,T1/2,,
18k-gold-plated-ring-with-crystal-and-zirconias-511482,18K GOLD PLATED RING WITH CRYSTAL AND ZIRCONIAS - 511482,RING,,"<p><span style=""font-size: 0.875rem;"">Effortless elegance for your fingers </span><meta charset=""UTF-8""></p>
<p><span style=""font-size: 0.875rem;"">A timeless, versatile piece that elevates any outfit — simple yet sophisticated.</span><span></span></p>
<ul>
<li><span>Comfortable fit</span></li>
<li>18k gold plated with a high-quality triple-layer finish for enhanced shine and durability<br>
</li>
<li><span>Hypoallergenic and nickel-free</span></li>
<li><span>Perfect for everyday wear or special occasions</span></li>
</ul>
<p><span>18k plated ring with crystal and zirconias</span></p>
<p><span>Australia-based</span></p>
<p><span>🚚 Fast shipping</span></p>
<p><span style=""font-size: 0.875rem;""><br>Limited pieces available</span><span></span></p>
<p><span style=""font-size: 0.875rem;"">👉 Shop now </span></p>
<p> </p>
<p><span><br></span></p>",Ring size,P,,
18k-gold-plated-ring-with-crystal-and-zirconias-511482,,,,,,Y,,
18k-gold-plated-ring-with-crystal-and-zirconias-511482,,,,,,R,,
18k-gold-plated-ring-with-crystal-and-zirconias-511482,,,,,,Z+1,,
18k-gold-plated-ring-with-crystal-and-zirconias-511482,,,,,,V1/2,,
18k-gold-plated-ring-with-crystal-and-zirconias-511482,,,,,,T1/2,,
18k-gold-plated-ring-with-crystal-and-zirconias-511482,,,,,,N,,
18k-gold-plated-heart-bracelet-55206200,18K GOLD PLATED HEART BRACELET - 55206200,BRACELET,,"<p><meta charset=""UTF-8""><span>Bracelet made of a chain of diamond-cut heart-shaped links. Length: 19 cm, adjustable to 18 cm </span></p>
<p><span><br></span><span>Effortless elegance for your wrist</span></p>
<p><span>A delicate piece designed to add a touch of refinement to any look — versatile and easy to wear.</span></p>
<ul>
<li><span> Lightweight and comfortable<br></span></li>
<li>18k gold plated with a high-quality triple-layer finish for enhanced shine and durability</li>
<li><span>Hypoallergenic and nickel-free</span></li>
<li><span> Perfect for stacking or wearing alone</span></li>
</ul>
<p><span>Australia-based</span></p>
<p><span>🚚 Fast shipping available</span><span></span></p>
<p><span>Limited pieces available</span><span></span></p>
<p><span>👉 Shop now </span></p>",Title,Default Title,,
adjustable-18k-gold-plated-choker-necklace-with-cubic-zirconia-53218506,Adjustable 18K gold-plated choker necklace with cubic zirconia - 53218506,EARRINGS,,"<p><span style=""font-size: 0.875rem;"">A piece that completes your look</span><meta charset=""UTF-8""></p>
<p><span style=""font-size: 0.875rem;"">Delicate, timeless and designed for everyday elegance.</span><span></span></p>
<ul>
<li><span>Elegant and minimal design</span></li>
<li>18k gold plated with a high-quality triple-layer finish for enhanced shine and durability<br>
</li>
<li><span>Hypoallergenic and nickel-free</span></li>
<li>
<span>Easy to layer or wear on its own</span><span></span><br>
</li>
</ul>
<p><span>Perfect for elevating even the simplest outfit <br><br></span></p>
<p><span>Adjustable choker necklace made of a 0.35 mm laminated chain link, composed of 5 cubic zirconia stones of 5.0 mm each, with 1 cubic zirconia at the end. Length: 70 cm (adjustable)<br></span><br></p>
<p><span> Based in Australia</span></p>
<p><span>🚚 Fast shipping</span></p>
<p><span style=""font-size: 0.875rem;"">👉 Shop now </span></p>
<p> </p>
<p><span><br></span></p>",Title,Default Title,,
18k-gold-plated-hoop-earrings-52403200,18K GOLD PLATED HOOP EARRINGS - 52403200,EARRINGS,,"<p><span style=""font-size: 0.875rem;"">Effortless elegance for your everyday </span><meta charset=""UTF-8""></p>
<p><span>A timeless piece designed to elevate any look — simple, refined and easy to wear.</span></p>
<ul>
<li><span>Lightweight and comfortable</span></li>
<li>18k gold plated with a high-quality triple-layer finish for enhanced shine and durability<br>
</li>
<li><span>Hypoallergenic and nickel-free</span></li>
<li><span>Perfect for everyday styling or special occasions</span></li>
</ul>
<p><span>Wear it alone or pair it with your favorite pieces <br><br>Hoop earring with raised details. Measures 1.1 cm in diameter <br></span></p>
<p><span style=""font-size: 0.875rem;"">Australia-based</span><span></span></p>
<p><span>🚚 Fast shipping available</span></p>
<p><span style=""font-size: 0.875rem;"">Limited pieces available</span></p>
<p><span><br></span></p>",Title,Default Title,,
18k-gold-plated-hoop-earrings-with-rhodium-plating-52383000,18K GOLD PLATED HOOP EARRINGS WITH RHODIUM PLATING - 52383000,EARRINGS,,"<p><span style=""font-size: 0.875rem;"">Effortless elegance for your everyday </span><meta charset=""UTF-8""></p>
<p><span>A timeless piece designed to elevate any look — simple, refined and easy to wear.</span></p>
<ul>
<li><span>Lightweight and comfortable</span></li>
<li>18k gold plated with a high-quality triple-layer finish for enhanced shine and durability<br>
</li>
<li><span>Hypoallergenic and nickel-free</span></li>
<li><span>Perfect for everyday styling or special occasions</span></li>
</ul>
<p><span>Wear it alone or pair it with your favorite pieces <br><br>Hoop earring with rhodium plating. Measures: 1.90cm x 0.70cm <br></span></p>
<p><span style=""font-size: 0.875rem;"">Australia-based</span><span></span></p>
<p><span>🚚 Fast shipping available</span></p>
<p><span style=""font-size: 0.875rem;"">Limited pieces available</span></p>
<p> </p>
<p><span><br></span></p>",Title,Default Title,,
round-earrings-plated-in-18k-gold-with-cubic-zirconia-526945,Round earrings plated in 18k gold with cubic zirconia - 526945,EARRINGS,,"<p><span style=""font-size: 0.875rem;"">Effortless elegance for your everyday </span><meta charset=""UTF-8""></p>
<p><span>A timeless piece designed to elevate any look — simple, refined and easy to wear.</span></p>
<ul>
<li><span>Lightweight and comfortable</span></li>
<li>18k gold plated with a high-quality triple-layer finish for enhanced shine and durability<br>
</li>
<li><span>Hypoallergenic and nickel-free</span></li>
<li><span>Perfect for everyday styling or special occasions</span></li>
</ul>
<p><span>Wear it alone or pair it with your favorite pieces <br><br>Round earrings studded with 38 1.25 mm cubic zirconia stones (pair). 0.70 cm diameter <br></span></p>
<p><span style=""font-size: 0.875rem;"">Australia-based</span><span></span></p>
<p><span>🚚 Fast shipping available</span></p>
<p><span style=""font-size: 0.875rem;"">Limited pieces available</span></p>
<p> </p>
<p><span><br></span></p>",Title,Default Title,,
18k-gold-plated-solitaire-earring-set-526223,18K GOLD PLATED SOLITAIRE EARRING SET - 526223,EARRINGS,,"<p><span style=""font-size: 0.875rem;"">Effortless elegance for your everyday </span><meta charset=""UTF-8""></p>
<p><span>A timeless piece designed to elevate any look — simple, refined and easy to wear.</span></p>
<ul>
<li><span>Lightweight and comfortable</span></li>
<li>18k gold plated with a high-quality triple-layer finish for enhanced shine and durability<br>
</li>
<li><span>Hypoallergenic and nickel-free</span></li>
<li><span>Perfect for everyday styling or special occasions</span></li>
</ul>
<p><span>Wear it alone or pair it with your favorite pieces <br><br>Solitaire earring set, consisting of 1 pair composed of 2 round 2.0mm cubic zirconia stones, and one pair composed of 2 5.0mm cubic zirconia stones. Measurements: 0.40cm and 0.60cm in diameter<br></span></p>
<p><span style=""font-size: 0.875rem;"">Australia-based</span><span></span></p>
<p><span>🚚 Fast shipping available</span></p>
<p><span style=""font-size: 0.875rem;"">Limited pieces available</span></p>
<p> </p>
<p><span><br></span></p>",Title,Default Title,,
arrow-earring-and-heart-solitaire-set-18k-gold-plated-with-cubic-zirconia-527488,"Arrow earring and heart solitaire set, 18k gold plated with cubic zirconia - 527488",EARRINGS,,"<p><span style=""font-size: 0.875rem;"">Effortless elegance for your everyday </span><meta charset=""UTF-8""></p>
<p><span>A timeless piece designed to elevate any look — simple, refined and easy to wear.</span></p>
<ul>
<li><span>Lightweight and comfortable</span></li>
<li>18k gold plated with a high-quality triple-layer finish for enhanced shine and durability<br>
</li>
<li><span>Hypoallergenic and nickel-free</span></li>
<li><span>Perfect for everyday styling or special occasions</span></li>
</ul>
<p><span>Wear it alone or pair it with your favorite pieces <br><br>Earring set consisting of 1 pair of arrow earrings and 1 pair of solitaire earrings with 2 heart-shaped cubic zirconia stones measuring 4x4mm (pair). Measurements: 0.40 cm x 1.0 cm (arrow) / 0.50 cm x 0.50 cm (solitaire) <br></span></p>
<p><span style=""font-size: 0.875rem;"">Australia-based</span><span></span></p>
<p><span>🚚 Fast shipping available</span></p>
<p><span style=""font-size: 0.875rem;"">Limited pieces available</span></p>
<p> </p>
<p><span><br></span></p>",Title,Default Title,,
18k-gold-plated-ring-51194500,18K GOLD PLATED RING - 51194500,RING,,"<p><span>18K GOLD PLATED RING</span><br></p>
<p><span>• Material: 18k gold plated <br>• Collection: Rommanel Permanent Line <br>• Age Range: Adult<br><br>All Rommanel jewellery is nickel-free and hypoallergenic.<br></span></p>",Ring size,Y,,
18k-gold-plated-ring-51194500,,,,,,R,,
18k-gold-plated-ring-51194500,,,,,,Z+1,,
18k-gold-plated-ring-51194500,,,,,,V1/2,,
18k-gold-plated-ring-51194500,,,,,,T1/2,,
18k-gold-plated-ring-51194500,,,,,,N,,
18k-gold-plated-ring-51194500,,,,,,P,,
925-sterling-silver-teardrop-hoop-earrings-820233,925 Sterling Silver Teardrop Hoop Earrings - 820233,EARRINGS,,"<p><meta charset=""UTF-8""><span>Smooth teardrop hoop earring. Measures 1.6 cm x 1.0 cm <br>• Material: 925 Sterling Silver <br>• Collection: Rommanel Permanent Line <br>• Shape: Teardrop <br>• Age Range: Adult<br><br>All Rommanel jewellery is nickel-free and hypoallergenic.<br></span></p>",Title,Default Title,,
necklace-with-teardrop-pendant-in-solid-925-sterling-silver-830117,Necklace with teardrop pendant in solid 925 sterling silver - 830117,PENDANT,,"<p><meta charset=""UTF-8""><span>Choker necklace made of 0.80 mm Venetian chain, with 1 teardrop pendant with openwork flowers on the back, set with 13 1.0 mm cubic zirconia stones. Length: 50 cm <br>• Material: Solid 925 Sterling Silver <br>• Collection: Time Capsule Collection <br>• Shape: Teardrop <br>• Color: White <br>• Composition: Cubic Zirconia <br>• Age Range: Adult<br><br>All Rommanel jewellery is nickel-free and hypoallergenic.<br></span></p>",Title,Default Title,,
18k-gold-plated-bracelet-with-crystals-552102,18K GOLD PLATED BRACELET WITH CRYSTALS - 552102,BRACELET,,"<p><span>18K GOLD PLATED BRACELET WITH CRYSTALS<br></span><span></span><span><br></span><span></span></p>
<p><span>Effortless elegance for your wrist</span></p>
<p><span>A delicate piece designed to add a touch of refinement to any look — versatile and easy to wear.</span></p>
<ul>
<li><span> Lightweight and comfortable<br></span></li>
<li>18k gold plated with a high-quality triple-layer finish for enhanced shine and durability</li>
<li><span>Hypoallergenic and nickel-free</span></li>
<li><span> Perfect for stacking or wearing alone</span></li>
</ul>
<p><span>Australia-based</span></p>
<p><span>🚚 Fast shipping available</span><span></span></p>
<p><span>Limited pieces available</span><span></span></p>
<p><span>👉 Shop now </span></p>",Title,Default Title,,
mother-of-a-boy-bracelet-18k-gold-plated-with-cubic-zirconia-552003,"Mother of a Boy Bracelet, 18K Gold Plated with Cubic Zirconia - 552003",BRACELET,,"<p><span>Bracelet made of a 0.35 mm laminated chain link, composed of a boy pendant, set with a 3x3 mm square-cut cubic zirconia and a 5x5 mm heart-shaped cubic zirconia. Length: 19 cm, adjustable to 18 cm</span></p>
<p><span>Effortless elegance for your wrist</span></p>
<p><span>A delicate piece designed to add a touch of refinement to any look — versatile and easy to wear.</span></p>
<ul>
<li><span> Lightweight and comfortable<br></span></li>
<li>18k gold plated with a high-quality triple-layer finish for enhanced shine and durability</li>
<li><span>Hypoallergenic and nickel-free</span></li>
<li><span> Perfect for stacking or wearing alone</span></li>
</ul>
<p><span>Australia-based</span></p>
<p><span>🚚 Fast shipping available</span><span></span></p>
<p><span>Limited pieces available</span><span></span></p>
<p><span>👉 Shop now </span></p>",Title,Default Title,,
best-friends-pendant-18k-gold-plated-with-resin-application-542438,"""Best Friends"" Pendant, 18K Gold Plated with Resin Application - 542438",PENDANT,,"<p><span style=""font-size: 0.875rem;"">A subtle touch of elegance </span><meta charset=""UTF-8""></p>
<p><span style=""font-size: 0.875rem;"">Designed to complement any necklace or chain, this pendant is timeless and refined.</span><span></span></p>
<ul>
<li><span>Minimal, elegant design</span></li>
<li>18k gold plated with a high-quality triple-layer finish for enhanced shine and durability<br>
</li>
<li><span>Hypoallergenic and nickel-free</span></li>
<li>Easy to layer or wear solo</li>
</ul>
<p><span>Best Friends Pendant, 18K Gold Plated with Resin Application<br> • Material: 18k gold plated</span></p>
<p><span style=""font-size: 0.875rem;"">Based in Australia</span><span></span></p>
<p><span>🚚 Fast shipping<br><br></span><span style=""font-size: 0.875rem;""></span></p>",Title,Default Title,,
square-solitaire-earring-plated-in-18k-gold-526703,Square solitaire earring plated in 18k gold - 526703,EARRINGS,,"<p><span style=""font-size: 0.875rem;"">Effortless elegance for your everyday </span><meta charset=""UTF-8""></p>
<p><span>A timeless piece designed to elevate any look — simple, refined and easy to wear.</span></p>
<ul>
<li><span>Lightweight and comfortable</span></li>
<li>18k gold plated with a high-quality triple-layer finish for enhanced shine and durability<br>
</li>
<li><span>Hypoallergenic and nickel-free</span></li>
<li><span>Perfect for everyday styling or special occasions</span></li>
</ul>
<p><span>Wear it alone or pair it with your favorite pieces <br><br>Square solitaire earrings plated in 18k gold with crystals <br></span></p>
<p><span style=""font-size: 0.875rem;"">Australia-based</span><span></span></p>
<p><span>🚚 Fast shipping available</span></p>
<p><span style=""font-size: 0.875rem;"">Limited pieces available</span></p>
<p><span><br>👉 Shop now</span></p>
<p> </p>
<p><span><br></span></p>",Title,Default Title,,
18k-gold-plated-clip-on-earring-with-crystal-and-zirconias-526340,18K GOLD PLATED CLIP-ON EARRING WITH CRYSTAL AND ZIRCONIAS - 526340,EARRINGS,,"<p><span style=""font-size: 0.875rem;"">Effortless elegance for your everyday </span><meta charset=""UTF-8""></p>
<p><span>A timeless piece designed to elevate any look — simple, refined and easy to wear.</span></p>
<ul>
<li><span>Lightweight and comfortable</span></li>
<li>18k gold plated with a high-quality triple-layer finish for enhanced shine and durability<br>
</li>
<li><span>Hypoallergenic and nickel-free</span></li>
<li><span>Perfect for everyday styling or special occasions</span></li>
</ul>
<p><span>Wear it alone or pair it with your favorite pieces <br><br>Clip-on earring with crystal and zirconias <br></span></p>
<p><span style=""font-size: 0.875rem;"">Australia-based</span><span></span></p>
<p><span>🚚 Fast shipping available</span></p>
<p><span style=""font-size: 0.875rem;"">Limited pieces available</span></p>
<p><span><br>👉 Shop now</span></p>
<p><span><br></span></p>",Title,Default Title,,
18k-gold-plated-half-hoop-earrings-with-zirconias-526808,18K GOLD PLATED HALF HOOP EARRINGS WITH ZIRCONIAS - 526808,EARRINGS,,"<p><span style=""font-size: 0.875rem;"">Effortless elegance for your everyday </span><meta charset=""UTF-8""></p>
<p><span>A timeless piece designed to elevate any look — simple, refined and easy to wear.</span></p>
<ul>
<li><span>Lightweight and comfortable</span></li>
<li>18k gold plated with a high-quality triple-layer finish for enhanced shine and durability<br>
</li>
<li><span>Hypoallergenic and nickel-free</span></li>
<li><span>Perfect for everyday styling or special occasions</span></li>
</ul>
<p><span>Wear it alone or pair it with your favorite pieces <br><br>Half hoop earrings with zirconias<br></span></p>
<p><span style=""font-size: 0.875rem;"">Australia-based</span><span></span></p>
<p><span>🚚 Fast shipping available</span></p>
<p><span style=""font-size: 0.875rem;"">Limited pieces available</span></p>
<p><span><br>👉 Shop now</span></p>
<p><span><br></span></p>",Title,Default Title,,
18k-gold-plated-ring-with-crystal-513403,18K GOLD PLATED RING WITH CRYSTAL - 513403,RING,,<p><span>18K GOLD PLATED RING WITH CRYSTAL<br></span><span>• Material: 18k gold plated<br>• Color: Blue <br>• Composition: Crystal<br>• Age Range: Adult<br><br>All Rommanel jewellery is nickel-free and hypoallergenic.<br></span></p>,Ring size,Y,,
18k-gold-plated-ring-with-crystal-513403,,,,,,R,,
18k-gold-plated-ring-with-crystal-513403,,,,,,Z+1,,
18k-gold-plated-ring-with-crystal-513403,,,,,,V1/2,,
18k-gold-plated-ring-with-crystal-513403,,,,,,T1/2,,
18k-gold-plated-ring-with-crystal-513403,,,,,,N,,
18k-gold-plated-ring-with-crystal-513403,,,,,,P,,
18k-gold-plated-heart-solitaire-ring-513230,18K Gold Plated Heart Solitaire Ring - 513230,RING,,"<p><span>18K Gold Plated Heart Solitaire Ring</span><br></p>
<p><span>Size: 16 (BR)<br>• Material: 18k gold plated<br>• Shape: Square<br>• Color: Black <br>• Composition: Crystal<br>• Age Range: Adult<br><br>All Rommanel jewellery is nickel-free and hypoallergenic.<br></span></p>",Ring size,Y,,
18k-gold-plated-heart-solitaire-ring-513230,,,,,,R,,
18k-gold-plated-heart-solitaire-ring-513230,,,,,,Z+1,,
18k-gold-plated-heart-solitaire-ring-513230,,,,,,V1/2,,
18k-gold-plated-heart-solitaire-ring-513230,,,,,,T1/2,,
18k-gold-plated-heart-solitaire-ring-513230,,,,,,N,,
18k-gold-plated-heart-solitaire-ring-513230,,,,,,P,,
18k-gold-plated-ring-with-zirconias-and-crystal-513017,18K GOLD PLATED RING WITH ZIRCONIAS AND CRYSTAL - 513017,RING,,"<p><span>18K GOLD PLATED RING WITH ZIRCONIAS AND CRYSTAL</span><br></p>
<p><span>Size: 14(BR)<br>• Material: 18k gold plated<br>• Shape: Square<br>• Color: Blue <br>• Composition: Crystal and Zirconias<br>• Age Range: Adult<br><br>All Rommanel jewellery is nickel-free and hypoallergenic.<br></span></p>",Ring size,Y,,
18k-gold-plated-ring-with-zirconias-and-crystal-513017,,,,,,R,,
18k-gold-plated-ring-with-zirconias-and-crystal-513017,,,,,,Z+1,,
18k-gold-plated-ring-with-zirconias-and-crystal-513017,,,,,,V1/2,,
18k-gold-plated-ring-with-zirconias-and-crystal-513017,,,,,,T1/2,,
18k-gold-plated-ring-with-zirconias-and-crystal-513017,,,,,,N,,
18k-gold-plated-ring-with-zirconias-and-crystal-513017,,,,,,P,,
18k-gold-plated-butterfly-bracelet-with-acrylic-stones-55218306,18K GOLD PLATED BUTTERFLY BRACELET WITH ACRYLIC STONES - 55218306,BRACELET,,"<p>Bracelet made of 0.40 mm laminated chain with 4 shiny white resin stones in butterfly shape. Length: 19 cm, adjustable to 17 cm.<span></span><span></span><span></span></p>
<p><span>Effortless elegance for your wrist</span></p>
<p><span>A delicate piece designed to add a touch of refinement to any look — versatile and easy to wear.</span></p>
<ul>
<li><span> Lightweight and comfortable<br></span></li>
<li>18k gold plated with a high-quality triple-layer finish for enhanced shine and durability</li>
<li><span>Hypoallergenic and nickel-free</span></li>
<li><span> Perfect for stacking or wearing alone</span></li>
</ul>
<p><span>Australia-based</span></p>
<p><span>🚚 Fast shipping available</span><span></span></p>
<p><span>Limited pieces available</span><span></span></p>
<p><span>👉 Shop now </span></p>",Title,Default Title,,
18k-gold-plated-bracelet-55127100,18K GOLD PLATED BRACELET - 55127100,BRACELET,,"<p>Bracelet made up of twisted oval pieces. Adjustable from 19 cm to 17 cm<span> </span></p>
<p><span><br></span><span></span><span></span><span>Effortless elegance for your wrist</span></p>
<p><span>A delicate piece designed to add a touch of refinement to any look — versatile and easy to wear.</span></p>
<ul>
<li><span> Lightweight and comfortable<br></span></li>
<li>18k gold plated with a high-quality triple-layer finish for enhanced shine and durability</li>
<li><span>Hypoallergenic and nickel-free</span></li>
<li><span> Perfect for stacking or wearing alone</span></li>
</ul>
<p><span>Australia-based</span></p>
<p><span>🚚 Fast shipping available</span><span></span></p>
<p><span>Limited pieces available</span><span></span></p>
<p><span>👉 Shop now </span></p>",Title,Default Title,,
18k-gold-plated-butterfly-pendant-with-zirconia-54267824,18K GOLD-PLATED BUTTERFLY PENDANT WITH ZIRCONIA - 54267824,PENDANT,,"<p><span>A subtle touch of elegance </span></p>
<p><span style=""font-size: 0.875rem;"">Designed to complement any necklace or chain, this pendant is timeless and refined.</span><span></span></p>
<ul>
<li><span>Minimal, elegant design</span></li>
<li>18k gold plated with a high-quality triple-layer finish for enhanced shine and durability<br>
</li>
<li><span>Hypoallergenic and nickel-free</span></li>
<li>Easy to layer or wear solo</li>
</ul>
<p><span><br></span>Butterfly-shaped pendant with one side set with one 4x8 mm navette zirconia and one 3x6 mm navette zirconia.<br>Measures 2.0 cm x 1.3 cm<br><br></p>
<p><span style=""font-size: 0.875rem;"">Based in Australia</span><span></span></p>
<p><span>🚚 Fast shipping</span></p>
<p><span></span><br></p>
<p><span>👉 Shop now </span></p>
<p> </p>",Title,Default Title,,
18k-gold-plated-cinderella-dress-pendant-54282303,18K GOLD-PLATED CINDERELLA DRESS PENDANT - 54282303,PENDANT,,"<p><span>A subtle touch of elegance </span></p>
<p><span style=""font-size: 0.875rem;"">Designed to complement any necklace or chain, this pendant is timeless and refined.</span><span></span></p>
<ul>
<li><span>Minimal, elegant design</span></li>
<li>18k gold plated with a high-quality triple-layer finish for enhanced shine and durability<br>
</li>
<li><span>Hypoallergenic and nickel-free</span></li>
<li>Easy to layer or wear solo</li>
</ul>
<p>Cinderella dress pendant with resin <br>• Material: 18k gold<br>Disney Collection </p>
<p><span style=""font-size: 0.875rem;"">Based in Australia</span><span></span></p>
<p><span>🚚 Fast shipping</span></p>
<p><span></span><br></p>
<p><span>👉 Shop now </span></p>
<p><span></span><br></p>",Title,Default Title,,
18k-gold-plated-venetian-chain-53171700,18K GOLD-PLATED VENETIAN CHAIN - 53171700,NECKLACE,,"<p><span style=""font-size: 0.875rem;"">A piece that completes your look</span><meta charset=""UTF-8""></p>
<p><span style=""font-size: 0.875rem;"">Delicate, timeless and designed for everyday elegance.</span><span></span></p>
<ul>
<li><span>Elegant and minimal design</span></li>
<li>18k gold plated with a high-quality triple-layer finish for enhanced shine and durability<br>
</li>
<li><span>Hypoallergenic and nickel-free</span></li>
<li>
<span>Easy to layer or wear on its own</span><span></span><br>
</li>
</ul>
<p><span>Perfect for elevating even the simplest outfit <br><br></span>Necklace made of 0.85mm thick Venetian wire composed of smooth 2.50mm hollow beads interspersed. Length: 80cm.<br><br><span> Based in Australia</span></p>
<p><span>🚚 Fast shipping</span></p>
<p><span style=""font-size: 0.875rem;"">👉 Shop now </span></p>
<p> </p>
<p><span></span><br></p>",Title,Default Title,,
18k-gold-plated-necklace-with-heart-set-with-zirconia-stones-53159806,18K GOLD-PLATED NECKLACE WITH HEART SET WITH ZIRCONIA STONES - 53159806,NECKLACE,,"<p><span style=""font-size: 0.875rem;"">A piece that completes your look</span><meta charset=""UTF-8""></p>
<p><span style=""font-size: 0.875rem;"">Delicate, timeless and designed for everyday elegance.</span><span></span></p>
<ul>
<li><span>Elegant and minimal design</span></li>
<li><span>Triple gold finish (24k, 18k &amp; 22k)</span></li>
<li><span>Hypoallergenic and nickel-free</span></li>
<li>
<span>Easy to layer or wear on its own</span><span></span><br>
</li>
</ul>
<p><span>Perfect for elevating even the simplest outfit <br><br></span>Round padlock necklace  with heart-shaped pendant set with 29 round white zirconia stones, 1.00 mm. Length: 50 cm, adjustable to 45 cm.<br>• Material: 18k gold plated<br></p>
<p><span> Based in Australia</span></p>
<p><span>🚚 Fast shipping</span></p>
<p><span style=""font-size: 0.875rem;"">👉 Shop now </span></p>
<p> </p>
<p> </p>
<p><span></span><br></p>",Title,Default Title,,
18k-gold-plated-piastrine-necklace-53115500,18K GOLD-PLATED PIASTRINE NECKLACE - 53115500,NECKLACE,,"<p><span style=""font-size: 0.875rem;"">A piece that completes your look</span><meta charset=""UTF-8""></p>
<p><span style=""font-size: 0.875rem;"">Delicate, timeless and designed for everyday elegance.</span><span></span></p>
<ul>
<li><span>Elegant and minimal design</span></li>
<li><span>Triple gold finish (24k, 18k &amp; 22k)</span></li>
<li><span>Hypoallergenic and nickel-free</span></li>
<li>
<span>Easy to layer or wear on its own</span><span></span><br>
</li>
</ul>
<p><span>Perfect for elevating even the simplest outfit <br><br></span>Necklace made of 0.30 mm diamond-cut piastrine link chains.<br>Length: 42 cm<br>• Material: 18k gold plated<br></p>
<p><span> Based in Australia</span></p>
<p><span>🚚 Fast shipping</span></p>
<p><span style=""font-size: 0.875rem;"">👉 Shop now </span></p>
<p> </p>
<p><span></span><br></p>",Title,Default Title,,
18k-gold-plated-cinderella-shoe-earring-with-zirconia-52729303,18K GOLD-PLATED CINDERELLA SHOE EARRING WITH ZIRCONIA - 52729303,EARRINGS,,"<p><span style=""font-size: 0.875rem;"">Effortless elegance for your everyday </span><meta charset=""UTF-8""></p>
<p><span>A timeless piece designed to elevate any look — simple, refined and easy to wear.</span></p>
<ul>
<li><span>Lightweight and comfortable</span></li>
<li>18k gold plated with a high-quality triple-layer finish for enhanced shine and durability<br>
</li>
<li><span>Hypoallergenic and nickel-free</span></li>
<li><span>Perfect for everyday styling or special occasions</span></li>
</ul>
<p><span>Wear it alone or pair it with your favorite pieces <br><br>Cinderella shoe-shaped earring composed of two 3.50 mm zirconia stones with resin application (pair). <br>Measures 1.90 cm x 0.60 cm.<br>Disney Collection<br></span></p>
<p><span style=""font-size: 0.875rem;"">Australia-based</span><span></span></p>
<p><span>🚚 Fast shipping available</span></p>
<p><span style=""font-size: 0.875rem;"">Limited pieces available</span></p>
<p> </p>",Title,Default Title,,
18k-gold-plated-bracelet-made-up-of-oval-links-55102600,18K GOLD PLATED BRACELET MADE UP OF OVAL LINKS - 55102600,BRACELET,,"<p>Bracelet formed by hollow oval links interspersed between smooth and diamond-cut links. Adjustable from 21 cm to 18 cm.<span> <br></span><span><br></span><span></span></p>
<p><span>Effortless elegance for your wrist</span></p>
<p><span>A delicate piece designed to add a touch of refinement to any look — versatile and easy to wear.</span></p>
<ul>
<li><span> Lightweight and comfortable<br></span></li>
<li>18k gold plated with a high-quality triple-layer finish for enhanced shine and durability</li>
<li><span>Hypoallergenic and nickel-free</span></li>
<li><span> Perfect for stacking or wearing alone</span></li>
</ul>
<p><span>Australia-based</span></p>
<p><span>🚚 Fast shipping available</span><span></span></p>
<p><span>Limited pieces available</span><span></span></p>
<p><span>👉 Shop now </span></p>",Title,Default Title,,
18k-gold-plated-bracelet-with-hearts-55068300,18K GOLD PLATED BRACELET WITH HEARTS - 55068300,BRACELET,,"<p>Bracelet formed by hollow hearts (measuring 0.9 x 0.5 cm each). Measures 19 cm<br></p>
<p><span>Effortless elegance for your wrist</span></p>
<p><span>A delicate piece designed to add a touch of refinement to any look — versatile and easy to wear.</span></p>
<ul>
<li><span> Lightweight and comfortable<br></span></li>
<li>18k gold plated with a high-quality triple-layer finish for enhanced shine and durability</li>
<li><span>Hypoallergenic and nickel-free</span></li>
<li><span> Perfect for stacking or wearing alone</span></li>
</ul>
<p><span>Australia-based</span></p>
<p><span>🚚 Fast shipping available</span><span></span></p>
<p><span>Limited pieces available</span><span></span></p>
<p><span>👉 Shop now </span></p>",Title,Default Title,,
18k-gold-plated-bracelet-with-balls-55019500,18K GOLD PLATED BRACELET WITH BALLS - 55019500,BRACELET,,"<p>Bracelet made up of 2.50 mm balls, measuring 18/19 cm<span> <br></span><span><br></span><span></span></p>
<p><span>Effortless elegance for your wrist</span></p>
<p><span>A delicate piece designed to add a touch of refinement to any look — versatile and easy to wear.</span></p>
<ul>
<li><span> Lightweight and comfortable<br></span></li>
<li>18k gold plated with a high-quality triple-layer finish for enhanced shine and durability</li>
<li><span>Hypoallergenic and nickel-free</span></li>
<li><span> Perfect for stacking or wearing alone</span></li>
</ul>
<p><span>Australia-based</span></p>
<p><span>🚚 Fast shipping available</span><span></span></p>
<p><span>Limited pieces available</span><span></span></p>
<p><span>👉 Shop now </span></p>",Title,Default Title,,
18k-gold-plated-pendant-in-the-shape-of-a-boy-with-zirconia-54214306,18K GOLD-PLATED PENDANT IN THE SHAPE OF A BOY WITH ZIRCONIA - 54214306,PENDANT,,"<p><span style=""font-size: 0.875rem;"">A subtle touch of elegance </span><meta charset=""UTF-8""></p>
<p><span style=""font-size: 0.875rem;"">Designed to complement any necklace or chain, this pendant is timeless and refined.</span><span></span></p>
<ul>
<li><span>Minimal, elegant design</span></li>
<li>18k gold plated with a high-quality triple-layer finish for enhanced shine and durability<br>
</li>
<li><span>Hypoallergenic and nickel-free</span></li>
<li>Easy to layer or wear solo</li>
</ul>
<p><span><br></span>Pendant in the shape of a boy, composed of 18 1.0 mm zirconia stones. <br>Measures 1.3 cm x 0.90 cm<br><br></p>
<p><span style=""font-size: 0.875rem;"">Based in Australia</span><span></span></p>
<p><span>🚚 Fast shipping<br><br></span><span></span></p>
<p><span>👉 Shop now</span></p>",Title,Default Title,,
18k-gold-plated-groumet-chain-necklace-53234600,18K GOLD-PLATED GROUMET CHAIN NECKLACE - 53234600,NECKLACE,,"<p><span style=""font-size: 0.875rem;"">A piece that completes your look</span><meta charset=""UTF-8""></p>
<p><span style=""font-size: 0.875rem;"">Delicate, timeless and designed for everyday elegance.</span><span></span></p>
<ul>
<li><span>Elegant and minimal design</span></li>
<li>18k gold plated with a high-quality triple-layer finish for enhanced shine and durability<br>
</li>
<li><span>Hypoallergenic and nickel-free</span></li>
<li>
<span>Easy to layer or wear on its own</span><span></span><br>
</li>
</ul>
<p><span>Perfect for elevating even the simplest outfit <br><br></span>Necklace. Length: 35 cm<br><br></p>
<p><span> Based in Australia</span></p>
<p><span>🚚 Fast shipping</span></p>
<p><span style=""font-size: 0.875rem;"">👉 Shop now </span></p>
<p><span></span><br></p>",Title,Default Title,,
childrens-earring-plated-in-18k-gold-apple-shape-with-crystals-52523806,"Children's earring plated in 18k gold, apple shape with crystals - 52523806",EARRINGS,,"<p><span style=""font-size: 0.875rem;"">Effortless elegance for your everyday </span><meta charset=""UTF-8""></p>
<p><span>A timeless piece designed to elevate any look — simple, refined and easy to wear.</span></p>
<ul>
<li><span>Lightweight and comfortable</span></li>
<li>18k gold plated with a high-quality triple-layer finish for enhanced shine and durability<br>
</li>
<li><span>Hypoallergenic and nickel-free</span></li>
<li><span>Perfect for everyday styling or special occasions</span></li>
</ul>
<p><span>Wear it alone or pair it with your favorite pieces <br><br>Children's earring plated in 18k gold, apple shape with crystals.<br></span></p>
<p><span style=""font-size: 0.875rem;"">Australia-based</span><span></span></p>
<p><span>🚚 Fast shipping available</span></p>
<p><span style=""font-size: 0.875rem;"">Limited pieces available</span></p>",Title,Default Title,,
18k-gold-plated-hoop-earrings-with-rhodium-application-52512800,18K GOLD-PLATED HOOP EARRINGS WITH RHODIUM APPLICATION - 52512800,EARRINGS,,"<p><span style=""font-size: 0.875rem;"">Effortless elegance for your everyday </span><meta charset=""UTF-8""></p>
<p><span>A timeless piece designed to elevate any look — simple, refined and easy to wear.</span></p>
<ul>
<li><span>Lightweight and comfortable</span></li>
<li>18k gold plated with a high-quality triple-layer finish for enhanced shine and durability<br>
</li>
<li><span>Hypoallergenic and nickel-free</span></li>
<li><span>Perfect for everyday styling or special occasions</span></li>
</ul>
<p><span>Wear it alone or pair it with your favorite pieces <br><br>Smooth hoop earring, 1.6 cm<br></span></p>
<p><span style=""font-size: 0.875rem;"">Australia-based</span><span></span></p>
<p><span>🚚 Fast shipping available</span></p>
<p><span style=""font-size: 0.875rem;"">Limited pieces available</span></p>",Title,Default Title,,
18k-gold-plated-hoop-earrings-with-openheart-design-5233510000,18K GOLD-PLATED HOOP EARRINGS WITH OPENHEART DESIGN - 52335100,EARRINGS,,"<p><span style=""font-size: 0.875rem;"">Effortless elegance for your everyday </span><meta charset=""UTF-8""></p>
<p><span>A timeless piece designed to elevate any look — simple, refined and easy to wear.</span></p>
<ul>
<li><span>Lightweight and comfortable</span></li>
<li>18k gold plated with a high-quality triple-layer finish for enhanced shine and durability<br>
</li>
<li><span>Hypoallergenic and nickel-free</span></li>
<li><span>Perfect for everyday styling or special occasions</span></li>
</ul>
<p><span>Wear it alone or pair it with your favorite pieces <br><br>Hoop earrings with hollow hearts (pair). 1.5 cm diameter<br></span></p>
<p><span style=""font-size: 0.875rem;"">Australia-based</span><span></span></p>
<p><span>🚚 Fast shipping available</span></p>
<p><span style=""font-size: 0.875rem;"">Limited pieces available</span></p>",Title,Default Title,,
18k-gold-plated-butterfly-earrings-52698900,18K GOLD-PLATED BUTTERFLY EARRINGS - 52698900,Brinco,,"<p><span style=""font-size: 0.875rem;"">Effortless elegance for your everyday </span><meta charset=""UTF-8""></p>
<p><span>A timeless piece designed to elevate any look — simple, refined and easy to wear.</span></p>
<ul>
<li><span>Lightweight and comfortable</span></li>
<li>18k gold plated with a high-quality triple-layer finish for enhanced shine and durability<br>
</li>
<li><span>Hypoallergenic and nickel-free</span></li>
<li><span>Perfect for everyday styling or special occasions</span></li>
</ul>
<p><span>Wear it alone or pair it with your favorite pieces <br><br>Granite butterfly earring.<br>Size: 0.60 cm x 0.60 cm<br></span></p>
<p><span style=""font-size: 0.875rem;"">Australia-based</span><span></span></p>
<p><span>🚚 Fast shipping available</span></p>
<p><span style=""font-size: 0.875rem;"">Limited pieces available</span></p>
<p><span></span><br></p>",Title,Default Title,,
