URL handle,Title,Description,Option1 name,Option1 value
18k-gold-plated-saint-benedict-medal-5428350000,18K Gold-Plated Saint Benedict Medal Pendant,"<p>Saint Benedict medal pendant by Rommanel, petite and plated in 18K gold, a traditional symbol of faith and protection to wear every day. A meaningful gift for a baptism or a godchild.</p>
<ul>
<li>Material: 18K gold plated, with three layers of gold</li>
<li>Chain sold separately</li>
<li>Hypoallergenic and nickel-free, designed with sensitive skin in mind</li>
<li>Water-resistant and made to last, for everyday wear</li>
<li>Authentic Rommanel, designed in Brazil</li>
</ul>
<p>Care: put it on after perfume and creams, and take it off for the beach, the pool and hot showers to keep the shine for longer.</p>",Title,Default Title
18k-gold-plated-pendant-in-the-shape-of-a-girl-with-zirconia-stones-54214206,18K Gold-Plated Pavé Girl Pendant,"<p>A little girl pendant set with sparkling cubic zirconia, to keep a daughter close to your heart. A sweet gift for a new mum or for Mother's Day.</p>
<ul>
<li>Material: 18K gold plated, with three layers of gold</li>
<li>Size: 1.3 cm x 0.9 cm</li>
<li>Stones: 18 cubic zirconia, 1 mm</li>
<li>Chain sold separately</li>
<li>Hypoallergenic and nickel-free, designed with sensitive skin in mind</li>
<li>Water-resistant and made to last, for everyday wear</li>
<li>Authentic Rommanel, designed in Brazil</li>
</ul>
<p>Care: put it on after perfume and creams, and take it off for the beach, the pool and hot showers to keep the shine for longer.</p>",Title,Default Title
18k-gold-plated-heart-choker-532413,"18K Gold-Plated Heart Link Necklace, 42 cm","<p>Romantic heart link necklace plated in 18K gold, with a 42 cm chain of faceted heart-shaped links for a pretty everyday look. A lovely gift for Valentine's Day or an anniversary.</p>
<ul>
<li>Material: 18K gold plated, with three layers of gold</li>
<li>Length: 42 cm</li>
<li>Faceted heart-shaped link chain</li>
<li>Hypoallergenic and nickel-free, designed with sensitive skin in mind</li>
<li>Water-resistant and made to last, for everyday wear</li>
<li>Authentic Rommanel, designed in Brazil</li>
</ul>
<p>Care: put it on after perfume and creams, and take it off for the beach, the pool and hot showers to keep the shine for longer.</p>",Title,Default Title
girl-pendant-plated-in-18k-gold-with-rhodium-plating-54295500,18K Gold-Plated Girl Pendant with Rhodium Plating,"<p>Two-tone girl pendant, plated in 18K gold and rhodium, a quiet tribute to a daughter or granddaughter that you can wear every day. A thoughtful gift for a proud mum or nan.</p>
<ul>
<li>Material: 18K gold plated, with three layers of gold and rhodium-plated details</li>
<li>Two-tone gold and rhodium plating</li>
<li>Chain sold separately</li>
<li>Hypoallergenic and nickel-free, designed with sensitive skin in mind</li>
<li>Water-resistant and made to last, for everyday wear</li>
<li>Authentic Rommanel, designed in Brazil</li>
</ul>
<p>Care: put it on after perfume and creams, and take it off for the beach, the pool and hot showers to keep the shine for longer.</p>",Title,Default Title
18k-gold-plated-butterfly-earrings-with-zirconia-527074,18K Gold-Plated Butterfly Earrings with Navette Cubic Zirconia,"<p>Butterfly earrings plated in 18K gold, one side of each butterfly set with navette-cut cubic zirconia for a flash of sparkle. Pretty for every day and dressy enough for special occasions.</p>
<ul>
<li>Material: 18K gold plated, with three layers of gold</li>
<li>Size: 1.3 cm x 1.3 cm</li>
<li>Stones: Two 4 x 8 mm and two 3 x 6 mm navette cubic zirconia per pair</li>
<li>Hypoallergenic and nickel-free, designed with sensitive skin in mind</li>
<li>Water-resistant and made to last, for everyday wear</li>
<li>Authentic Rommanel, designed in Brazil</li>
</ul>
<p>Care: put it on after perfume and creams, and take it off for the beach, the pool and hot showers to keep the shine for longer.</p>",Title,Default Title
18k-gold-plated-necklace-53069500,"18K Gold-Plated Fine Chain Necklace, 50 cm","<p>Everyday fine chain necklace plated in 18K gold, 50 cm long, to wear on its own or layered with shorter chains. An easy gift for a friend, a sister or yourself.</p>
<ul>
<li>Material: 18K gold plated, with three layers of gold</li>
<li>Length: 50 cm</li>
<li>Hypoallergenic and nickel-free, designed with sensitive skin in mind</li>
<li>Water-resistant and made to last, for everyday wear</li>
<li>Authentic Rommanel, designed in Brazil</li>
</ul>
<p>Care: put it on after perfume and creams, and take it off for the beach, the pool and hot showers to keep the shine for longer.</p>",Title,Default Title
butterfly-set-0003,18K Gold-Plated Open Butterfly Necklace and Earrings Set,"<p>Matching butterfly jewellery set with a 3D open butterfly necklace and a pair of butterfly earrings, all plated in 18K gold. Wear them together for a coordinated look or style each piece on its own.</p>
<ul>
<li>Material: 18K gold plated, with three layers of gold</li>
<li>Includes a butterfly necklace and a pair of matching butterfly earrings</li>
<li>3D butterfly design</li>
<li>Hypoallergenic and nickel-free, designed with sensitive skin in mind</li>
<li>Water-resistant and made to last, for everyday wear</li>
<li>Authentic Rommanel, designed in Brazil</li>
</ul>
<p>Care: put it on after perfume and creams, and take it off for the beach, the pool and hot showers to keep the shine for longer.</p>",Title,Default Title
18k-gold-plated-butterfly-pendant-choker-5325615000,18K Gold-Plated Open Butterfly Pendant Necklace,"<p>Pretty necklace with an open butterfly pendant, plated in 18K gold, that works on its own or layered with longer chains. A charming birthday gift for a daughter, sister or friend.</p>
<ul>
<li>Material: 18K gold plated, with three layers of gold</li>
<li>Hypoallergenic and nickel-free, designed with sensitive skin in mind</li>
<li>Water-resistant and made to last, for everyday wear</li>
<li>Authentic Rommanel, designed in Brazil</li>
</ul>
<p>Care: put it on after perfume and creams, and take it off for the beach, the pool and hot showers to keep the shine for longer.</p>",Title,Default Title
18k-gold-plated-textured-cross-pendant-5430190000,18K Gold-Plated Textured Cross Pendant,"<p>Unisex textured cross pendant plated in 18K gold, a classic piece of Christian jewellery for men and women alike. Pair it with a 60 cm chain or one you already own; a fitting gift for Easter, a Confirmation or a godson.</p>
<ul>
<li>Material: 18K gold plated, with three layers of gold</li>
<li>Unisex design</li>
<li>Chain sold separately</li>
<li>Hypoallergenic and nickel-free, designed with sensitive skin in mind</li>
<li>Water-resistant and made to last, for everyday wear</li>
<li>Authentic Rommanel, designed in Brazil</li>
</ul>
<p>Care: put it on after perfume and creams, and take it off for the beach, the pool and hot showers to keep the shine for longer.</p>",Title,Default Title
mens-18k-gold-plated-chain-5326706000,"Men's 18K Gold-Plated Chain Necklace, 60 cm","<p>Men's gold chain by Rommanel, 60 cm long with an 18K gold-plated finish, classic enough to wear alone or layered with other pieces. A good Father's Day or birthday gift for a husband, boyfriend or dad.</p>
<ul>
<li>Material: 18K gold plated, with three layers of gold</li>
<li>Length: 60 cm</li>
<li>Hypoallergenic and nickel-free, designed with sensitive skin in mind</li>
<li>Water-resistant and made to last, for everyday wear</li>
<li>Authentic Rommanel, designed in Brazil</li>
</ul>
<p>Care: put it on after perfume and creams, and take it off for the beach, the pool and hot showers to keep the shine for longer.</p>",Title,Default Title
18k-gold-plated-dragonfly-anklet-5506102500,"18K Gold-Plated Dragonfly Anklet, 25 cm","<p>Dragonfly anklet plated in 18K gold, with a smooth dragonfly charm on a laminated-link chain, 25 cm long and adjustable to 23 cm. A pretty finishing touch for sandals and summer dresses, and a fun gift for a nature lover.</p>
<ul>
<li>Material: 18K gold plated, with three layers of gold</li>
<li>Length: 25 cm, adjustable to 23 cm</li>
<li>Laminated-link chain</li>
<li>Smooth dragonfly charm</li>
<li>Hypoallergenic and nickel-free, designed with sensitive skin in mind</li>
<li>Water-resistant and made to last, for everyday wear</li>
<li>Authentic Rommanel, designed in Brazil</li>
</ul>
<p>Care: put it on after perfume and creams, and take it off for the beach, the pool and hot showers to keep the shine for longer.</p>",Title,Default Title
18k-gold-plated-choker-with-baroque-pearl-5325605026,18K Gold-Plated Baroque Pearl Pendant Necklace,"<p>Baroque pearl pendant necklace by Rommanel, plated in 18K gold, where the pearl's irregular shape gives a modern twist to a classic look. A graceful gift for a bride, a bridesmaid or a June birthday.</p>
<ul>
<li>Material: 18K gold plated, with three layers of gold</li>
<li>Stones: Baroque pearl</li>
<li>Hypoallergenic and nickel-free, designed with sensitive skin in mind</li>
<li>Water-resistant and made to last, for everyday wear</li>
<li>Authentic Rommanel, designed in Brazil</li>
</ul>
<p>Care: put it on after perfume and creams, and take it off for the beach, the pool and hot showers to keep the shine for longer.</p>",Title,Default Title
18k-gold-plated-holy-spirit-earring-5272490000,18K Gold-Plated Holy Spirit Dove Earrings,"<p>Small Holy Spirit dove earrings, 0.5 cm x 0.7 cm and plated in 18K gold, for a discreet sign of faith you can wear every day. A special gift for a Confirmation.</p>
<ul>
<li>Material: 18K gold plated, with three layers of gold</li>
<li>Size: 0.5 cm x 0.7 cm</li>
<li>Hypoallergenic and nickel-free, designed with sensitive skin in mind</li>
<li>Water-resistant and made to last, for everyday wear</li>
<li>Authentic Rommanel, designed in Brazil</li>
</ul>
<p>Care: put it on after perfume and creams, and take it off for the beach, the pool and hot showers to keep the shine for longer.</p>",Title,Default Title
18k-gold-plated-hoop-earring-5236460000,18K Gold-Plated Triple Hoop Earrings,"<p>Triple hoop earrings with an 18K gold-plated finish, a fresh take on classic gold hoops that goes from casual days to evenings out. A fun birthday gift for a friend who loves hoops.</p>
<ul>
<li>Material: 18K gold plated, with three layers of gold</li>
<li>Hypoallergenic and nickel-free, designed with sensitive skin in mind</li>
<li>Water-resistant and made to last, for everyday wear</li>
<li>Authentic Rommanel, designed in Brazil</li>
</ul>
<p>Care: put it on after perfume and creams, and take it off for the beach, the pool and hot showers to keep the shine for longer.</p>",Title,Default Title
18k-gold-plated-four-leaf-clover-earring-5264770000,18K Gold-Plated Four-Leaf Clover Earrings,"<p>Four-leaf clover earrings in 18K gold plating, 1 cm across: a little symbol of good luck to wear every day. A thoughtful gift for a new job, exam season or a friend's birthday.</p>
<ul>
<li>Material: 18K gold plated, with three layers of gold</li>
<li>Size: 1 cm x 1 cm</li>
<li>Hypoallergenic and nickel-free, designed with sensitive skin in mind</li>
<li>Water-resistant and made to last, for everyday wear</li>
<li>Authentic Rommanel, designed in Brazil</li>
</ul>
<p>Care: put it on after perfume and creams, and take it off for the beach, the pool and hot showers to keep the shine for longer.</p>",Title,Default Title
18k-gold-plated-clip-on-ear-cuff-5260910000,18K Gold-Plated Clip-On Ear Cuff,"<p>Clip-on ear cuff in 18K gold plating with an open design, an easy way to dress up the ear without a piercing. Wear it on its own or alongside your favourite studs and hoops.</p>
<ul>
<li>Material: 18K gold plated, with three layers of gold</li>
<li>Clip-on, no piercing needed</li>
<li>Open design</li>
<li>Hypoallergenic and nickel-free, designed with sensitive skin in mind</li>
<li>Water-resistant and made to last, for everyday wear</li>
<li>Authentic Rommanel, designed in Brazil</li>
</ul>
<p>Care: put it on after perfume and creams, and take it off for the beach, the pool and hot showers to keep the shine for longer.</p>",Title,Default Title
18k-gold-plated-hoop-earrings-with-cubic-zirconia-5272370006,18K Gold-Plated Hoop Earrings with Pear Cubic Zirconia Drops,"<p>Pear-shaped cubic zirconia drops hang from these 18K gold-plated hoop earrings by Rommanel, adding sparkle to a classic shape. Dressy enough for weddings and dinners, simple enough for the office.</p>
<ul>
<li>Material: 18K gold plated, with three layers of gold</li>
<li>Size: 2.2 cm x 0.4 cm</li>
<li>Stones: Two 4 x 6 mm pear-shaped cubic zirconia</li>
<li>Hypoallergenic and nickel-free, designed with sensitive skin in mind</li>
<li>Water-resistant and made to last, for everyday wear</li>
<li>Authentic Rommanel, designed in Brazil</li>
</ul>
<p>Care: put it on after perfume and creams, and take it off for the beach, the pool and hot showers to keep the shine for longer.</p>",Title,Default Title
18k-gold-plated-cross-hoop-earring-5267890000,18K Gold-Plated Hoop Earrings with Cross Drops,"<p>Hoop earrings with cross drops, plated in 18K gold, pairing a classic hoop with a symbol of faith for everyday wear. A lovely gift for a goddaughter or a friend who shares your faith.</p>
<ul>
<li>Material: 18K gold plated, with three layers of gold</li>
<li>Hypoallergenic and nickel-free, designed with sensitive skin in mind</li>
<li>Water-resistant and made to last, for everyday wear</li>
<li>Authentic Rommanel, designed in Brazil</li>
</ul>
<p>Care: put it on after perfume and creams, and take it off for the beach, the pool and hot showers to keep the shine for longer.</p>",Title,Default Title
18k-gold-plated-flower-earring-set-5264230000,18K Gold-Plated Flower Stud Earring Set,"<p>Flower stud earring set plated in 18K gold, with floral studs to mix and match from one day to the next. A pretty birthday or Mother's Day gift for anyone who loves flowers.</p>
<ul>
<li>Material: 18K gold plated, with three layers of gold</li>
<li>Hypoallergenic and nickel-free, designed with sensitive skin in mind</li>
<li>Water-resistant and made to last, for everyday wear</li>
<li>Authentic Rommanel, designed in Brazil</li>
</ul>
<p>Care: put it on after perfume and creams, and take it off for the beach, the pool and hot showers to keep the shine for longer.</p>",Title,Default Title
18k-gold-plated-crosses-scapular-5319116800,"Men's 18K Gold-Plated Cross Scapular Necklace, 68 cm","<p>Catholic scapular necklace for men by Rommanel, with two cross pendants on a 68 cm lock-link chain plated in 18K gold. A meaningful gift for Father's Day, a Confirmation or a birthday.</p>
<ul>
<li>Material: 18K gold plated, with three layers of gold</li>
<li>Length: 68 cm</li>
<li>Two cross pendants</li>
<li>Lock-link chain</li>
<li>Hypoallergenic and nickel-free, designed with sensitive skin in mind</li>
<li>Water-resistant and made to last, for everyday wear</li>
<li>Authentic Rommanel, designed in Brazil</li>
</ul>
<p>Care: put it on after perfume and creams, and take it off for the beach, the pool and hot showers to keep the shine for longer.</p>",Title,Default Title
18k-gold-plated-unisex-scapular-5319194900,"18K Gold-Plated Our Lady of Mount Carmel Scapular Necklace, 49 cm","<p>Scapular necklace pairing Our Lady of Mount Carmel and the Sacred Heart of Jesus on two heart-shaped medals, with a 49 cm lock-link chain plated in 18K gold. A unisex piece for everyday devotion and a heartfelt Catholic gift.</p>
<ul>
<li>Material: 18K gold plated, with three layers of gold</li>
<li>Length: 49 cm</li>
<li>Two heart-shaped medals: the Sacred Heart of Jesus and Our Lady of Mount Carmel</li>
<li>Lock-link chain</li>
<li>Unisex design</li>
<li>Hypoallergenic and nickel-free, designed with sensitive skin in mind</li>
<li>Water-resistant and made to last, for everyday wear</li>
<li>Authentic Rommanel, designed in Brazil</li>
</ul>
<p>Care: put it on after perfume and creams, and take it off for the beach, the pool and hot showers to keep the shine for longer.</p>",Title,Default Title
18k-gold-plated-necklace-with-lock-chain-5316384200,"18K Gold-Plated Fine Lock Chain Necklace, 42 cm","<p>Delicate 42 cm necklace on a fine 0.2 mm lock chain, plated in 18K gold for a minimal everyday look. Lovely on its own or layered with longer chains and pendants.</p>
<ul>
<li>Material: 18K gold plated, with three layers of gold</li>
<li>Length: 42 cm</li>
<li>Fine lock chain, 0.2 mm</li>
<li>Padlock clasp</li>
<li>Hypoallergenic and nickel-free, designed with sensitive skin in mind</li>
<li>Water-resistant and made to last, for everyday wear</li>
<li>Authentic Rommanel, designed in Brazil</li>
</ul>
<p>Care: put it on after perfume and creams, and take it off for the beach, the pool and hot showers to keep the shine for longer.</p>",Title,Default Title
venetian-choker-plated-in-18k-gold-53131000,"18K Gold-Plated Venetian Chain Necklace, 42 cm","<p>Venetian chain necklace by Rommanel, plated in 18K gold: 42 cm of fine 0.9 mm Venetian chain with a clean, simple line. Wear it alone or as a neat base for layering.</p>
<ul>
<li>Material: 18K gold plated, with three layers of gold</li>
<li>Length: 42 cm</li>
<li>Venetian chain, 0.9 mm</li>
<li>Hypoallergenic and nickel-free, designed with sensitive skin in mind</li>
<li>Water-resistant and made to last, for everyday wear</li>
<li>Authentic Rommanel, designed in Brazil</li>
</ul>
<p>Care: put it on after perfume and creams, and take it off for the beach, the pool and hot showers to keep the shine for longer.</p>",Title,Default Title
butterfly-earring-with-openwork-design-18k-gold-plated-5274630000,18K Gold-Plated Openwork Butterfly Earrings,"<p>Openwork butterfly stud earrings plated in 18K gold, airy and delicate for everyday wear. A gift for a daughter, niece or friend who loves butterflies.</p>
<ul>
<li>Material: 18K gold plated, with three layers of gold</li>
<li>Hypoallergenic and nickel-free, designed with sensitive skin in mind</li>
<li>Water-resistant and made to last, for everyday wear</li>
<li>Authentic Rommanel, designed in Brazil</li>
</ul>
<p>Care: put it on after perfume and creams, and take it off for the beach, the pool and hot showers to keep the shine for longer.</p>",Title,Default Title
18k-gold-plated-boy-pendant-with-rhodium-plating-54295600,18K Gold-Plated Boy Pendant with Rhodium Plating,"<p>Boy pendant with a two-tone finish of 18K gold and rhodium plating, for mums who like to keep a son close every day. A loving Mother's Day gift, or a keepsake for a mum welcoming a baby boy.</p>
<ul>
<li>Material: 18K gold plated, with three layers of gold and rhodium-plated details</li>
<li>Two-tone gold and rhodium plating</li>
<li>Chain sold separately</li>
<li>Hypoallergenic and nickel-free, designed with sensitive skin in mind</li>
<li>Water-resistant and made to last, for everyday wear</li>
<li>Authentic Rommanel, designed in Brazil</li>
</ul>
<p>Care: put it on after perfume and creams, and take it off for the beach, the pool and hot showers to keep the shine for longer.</p>",Title,Default Title
18k-gold-plated-half-hoop-earring-set-52701400,"18K Gold-Plated Half Hoop Earring Set, 2 Pairs","<p>Half hoop earring set with two pairs of smooth gold-plated half-hoops in different sizes, from the licensed Ana Hickmann collection by Rommanel. Wear one pair alone or both together if you have a second piercing.</p>
<ul>
<li>Material: 18K gold plated, with three layers of gold</li>
<li>Size: 1.1 cm x 0.9 cm</li>
<li>Two pairs of smooth half-hoops in different sizes</li>
<li>From the licensed Ana Hickmann collection</li>
<li>Hypoallergenic and nickel-free, designed with sensitive skin in mind</li>
<li>Water-resistant and made to last, for everyday wear</li>
<li>Authentic Rommanel, designed in Brazil</li>
</ul>
<p>Care: put it on after perfume and creams, and take it off for the beach, the pool and hot showers to keep the shine for longer.</p>",Title,Default Title
butterfly-earring-plated-in-18k-gold-52709200,"18K Gold-Plated Openwork Butterfly Studs, 1.2 cm","<p>Dainty openwork butterfly studs in 18K gold plating, 0.9 cm x 1.2 cm, for a small flutter of gold on the ear. A pretty choice for everyday wear or a best friend's birthday.</p>
<ul>
<li>Material: 18K gold plated, with three layers of gold</li>
<li>Size: 0.9 cm x 1.2 cm</li>
<li>Hypoallergenic and nickel-free, designed with sensitive skin in mind</li>
<li>Water-resistant and made to last, for everyday wear</li>
<li>Authentic Rommanel, designed in Brazil</li>
</ul>
<p>Care: put it on after perfume and creams, and take it off for the beach, the pool and hot showers to keep the shine for longer.</p>",Title,Default Title
18k-gold-plated-our-lady-of-aparecida-pendant-with-cubic-zirconia-5416340002,18K Gold-Plated Our Lady of Aparecida Pendant with Blue Cubic Zirconia,"<p>Nossa Senhora Aparecida pendant by Rommanel, plated in 18K gold with blue cubic zirconia, for devotees of Our Lady of Aparecida, patroness of Brazil. A heartfelt baptism gift, and a piece of home for Brazilians living in Australia.</p>
<ul>
<li>Material: 18K gold plated, with three layers of gold</li>
<li>Stones: Blue cubic zirconia</li>
<li>Chain sold separately</li>
<li>Hypoallergenic and nickel-free, designed with sensitive skin in mind</li>
<li>Water-resistant and made to last, for everyday wear</li>
<li>Authentic Rommanel, designed in Brazil</li>
</ul>
<p>Care: put it on after perfume and creams, and take it off for the beach, the pool and hot showers to keep the shine for longer.</p>",Title,Default Title
18k-set-gold-plated-butterfly-earrings-and-pendant,18K Gold-Plated Mini Butterfly Pendant and Earrings Set,"<p>Mini butterfly jewellery set with an 18K gold-plated butterfly pendant and a pair of butterfly earrings, chosen to be worn together. A pretty pairing for a birthday, an anniversary or Mother's Day.</p>
<ul>
<li>Material: 18K gold plated, with three layers of gold</li>
<li>Includes a butterfly pendant and a pair of butterfly earrings</li>
<li>Chain sold separately</li>
<li>Hypoallergenic and nickel-free, designed with sensitive skin in mind</li>
<li>Water-resistant and made to last, for everyday wear</li>
<li>Authentic Rommanel, designed in Brazil</li>
</ul>
<p>Care: put it on after perfume and creams, and take it off for the beach, the pool and hot showers to keep the shine for longer.</p>",Title,Default Title
18k-gold-plated-solitaire-earring-with-crystals-5201850006,"18K Gold-Plated Bezel Crystal Stud Earrings, 4 mm","<p>Bezel-set crystal stud earrings plated in 18K gold, a classic 4 mm solitaire style with one crystal on each ear. Everyday sparkle, and a simple gift for bridesmaids or a friend's birthday.</p>
<ul>
<li>Material: 18K gold plated, with three layers of gold</li>
<li>Size: 4 mm diameter</li>
<li>Stones: Two 4 mm crystals</li>
<li>Hypoallergenic and nickel-free, designed with sensitive skin in mind</li>
<li>Water-resistant and made to last, for everyday wear</li>
<li>Authentic Rommanel, designed in Brazil</li>
</ul>
<p>Care: put it on after perfume and creams, and take it off for the beach, the pool and hot showers to keep the shine for longer.</p>",Title,Default Title
18k-gold-plated-cable-chain-necklace-5304325000,"18K Gold-Plated Cable Chain Necklace, 50 cm","<p>Classic cable chain necklace plated in 18K gold, 50 cm long, with a simple linked design for everyday outfits. Wear it alone or layer it with shorter chains for a stacked look.</p>
<ul>
<li>Material: 18K gold plated, with three layers of gold</li>
<li>Length: 50 cm</li>
<li>Cable link chain</li>
<li>Hypoallergenic and nickel-free, designed with sensitive skin in mind</li>
<li>Water-resistant and made to last, for everyday wear</li>
<li>Authentic Rommanel, designed in Brazil</li>
</ul>
<p>Care: put it on after perfume and creams, and take it off for the beach, the pool and hot showers to keep the shine for longer.</p>",Title,Default Title
18k-gold-plated-pet-mom-double-sided-medal-5423880000,18K Gold-Plated Pet Mum Double-Sided Medal Pendant,"<p>Double-sided pet mum medal pendant plated in 18K gold, with an inscription on one side and a paw print on the other. A sweet gift for a dog or cat lover, and a fun Mother's Day surprise from the fur babies.</p>
<ul>
<li>Material: 18K gold plated, with three layers of gold</li>
<li>Size: 2 cm x 1.1 cm</li>
<li>Double-sided: 'Pet Mom' inscribed on one side, a paw print on the other</li>
<li>Chain sold separately</li>
<li>Hypoallergenic and nickel-free, designed with sensitive skin in mind</li>
<li>Water-resistant and made to last, for everyday wear</li>
<li>Authentic Rommanel, designed in Brazil</li>
</ul>
<p>Care: put it on after perfume and creams, and take it off for the beach, the pool and hot showers to keep the shine for longer.</p>",Title,Default Title
18k-gold-plated-holy-spirit-pendant-5426970000,18K Gold-Plated Holy Spirit Heart Pendant,"<p>Heart-shaped Holy Spirit pendant plated in 18K gold, 1.7 cm x 1.3 cm, bringing faith and love together in one piece. A meaningful gift from a godparent or Confirmation sponsor.</p>
<ul>
<li>Material: 18K gold plated, with three layers of gold</li>
<li>Size: 1.7 cm x 1.3 cm</li>
<li>Holy Spirit at the centre of the heart</li>
<li>Chain sold separately</li>
<li>Hypoallergenic and nickel-free, designed with sensitive skin in mind</li>
<li>Water-resistant and made to last, for everyday wear</li>
<li>Authentic Rommanel, designed in Brazil</li>
</ul>
<p>Care: put it on after perfume and creams, and take it off for the beach, the pool and hot showers to keep the shine for longer.</p>",Title,Default Title
18k-gold-plated-faith-pendant-with-cubic-zirconia-5426600006,18K Gold-Plated Fé (Faith) Pendant with Cubic Zirconia,"<p>Fé pendant, Portuguese for faith, plated in 18K gold and set with cubic zirconia. A sparkling everyday reminder of what you believe and a thoughtful gift for a Confirmation or baptism.</p>
<ul>
<li>Material: 18K gold plated, with three layers of gold</li>
<li>Stones: Cubic zirconia</li>
<li>Chain sold separately</li>
<li>Hypoallergenic and nickel-free, designed with sensitive skin in mind</li>
<li>Water-resistant and made to last, for everyday wear</li>
<li>Authentic Rommanel, designed in Brazil</li>
</ul>
<p>Care: put it on after perfume and creams, and take it off for the beach, the pool and hot showers to keep the shine for longer.</p>",Title,Default Title
18k-gold-plated-blessed-sacrament-pendant-with-resin-stone-5454290006,18K Gold-Plated Blessed Sacrament Pendant with Resin Stone,"<p>Blessed Sacrament pendant plated in 18K gold with a resin stone, a devotional piece celebrating the Eucharist. A meaningful gift for a First Holy Communion or for anyone devoted to Eucharistic adoration.</p>
<ul>
<li>Material: 18K gold plated, with three layers of gold</li>
<li>Stones: Resin stone</li>
<li>Chain sold separately</li>
<li>Hypoallergenic and nickel-free, designed with sensitive skin in mind</li>
<li>Water-resistant and made to last, for everyday wear</li>
<li>Authentic Rommanel, designed in Brazil</li>
</ul>
<p>Care: put it on after perfume and creams, and take it off for the beach, the pool and hot showers to keep the shine for longer.</p>",Title,Default Title
18k-gold-plated-holy-spirit-pendant-5419330006,18K Gold-Plated Round Holy Spirit Pendant with Cubic Zirconia,"<p>Round Holy Spirit pendant plated in 18K gold and fully set with cubic zirconia, so the whole design sparkles. A lovely gift for Pentecost or a Confirmation, and an everyday sign of faith.</p>
<ul>
<li>Material: 18K gold plated, with three layers of gold</li>
<li>Stones: 38 cubic zirconia, 1 mm and 1.5 mm</li>
<li>Holy Spirit motif at the centre</li>
<li>Chain sold separately</li>
<li>Hypoallergenic and nickel-free, designed with sensitive skin in mind</li>
<li>Water-resistant and made to last, for everyday wear</li>
<li>Authentic Rommanel, designed in Brazil</li>
</ul>
<p>Care: put it on after perfume and creams, and take it off for the beach, the pool and hot showers to keep the shine for longer.</p>",Title,Default Title
18k-gold-plated-cable-chain-necklace-5309604500,"18K Gold-Plated Cable Chain Necklace, 45 cm","<p>Medium-length cable chain necklace, 45 cm and plated in 18K gold, an easy everyday chain to wear alone or layer. A simple gift for a friend or a daughter.</p>
<ul>
<li>Material: 18K gold plated, with three layers of gold</li>
<li>Length: 45 cm</li>
<li>Cable link chain</li>
<li>Hypoallergenic and nickel-free, designed with sensitive skin in mind</li>
<li>Water-resistant and made to last, for everyday wear</li>
<li>Authentic Rommanel, designed in Brazil</li>
</ul>
<p>Care: put it on after perfume and creams, and take it off for the beach, the pool and hot showers to keep the shine for longer.</p>",Title,Default Title
gargantilha-banhada-a-ouro-18k-fio-grumet-5306944200,"18K Gold-Plated Curb Chain Necklace, 42 cm","<p>Curb chain necklace in 18K gold plating, where smooth curb chain alternates with twisted curb chain along a 42 cm length. The mix of textures gives a simple gold chain a little extra interest, alone or layered.</p>
<ul>
<li>Material: 18K gold plated, with three layers of gold</li>
<li>Length: 42 cm</li>
<li>Smooth curb chain alternating with twisted curb chain</li>
<li>Hypoallergenic and nickel-free, designed with sensitive skin in mind</li>
<li>Water-resistant and made to last, for everyday wear</li>
<li>Authentic Rommanel, designed in Brazil</li>
</ul>
<p>Care: put it on after perfume and creams, and take it off for the beach, the pool and hot showers to keep the shine for longer.</p>",Title,Default Title
18k-gold-plated-solitaire-earring-with-crystals-5231910006,18K Gold-Plated Crystal Solitaire Stud Earrings,"<p>Solitaire stud earrings plated in 18K gold, each with a single 4 mm crystal for a classic point of light. Easy to pair with hoops or wear alone, and a lovely graduation or birthday gift.</p>
<ul>
<li>Material: 18K gold plated, with three layers of gold</li>
<li>Size: 0.4 cm diameter</li>
<li>Stones: Two 4 mm crystals</li>
<li>Hypoallergenic and nickel-free, designed with sensitive skin in mind</li>
<li>Water-resistant and made to last, for everyday wear</li>
<li>Authentic Rommanel, designed in Brazil</li>
</ul>
<p>Care: put it on after perfume and creams, and take it off for the beach, the pool and hot showers to keep the shine for longer.</p>",Title,Default Title
childrens-18k-gold-plated-solitaire-heart-earrings-with-cubic-zirconia-5242250006,Children's 18K Gold-Plated Heart Stud Earrings with Cubic Zirconia,"<p>Kids' heart stud earrings plated in 18K gold with cubic zirconia, a sweet little pair made for children. A lovely gift for a birthday, a baptism or a flower girl.</p>
<ul>
<li>Material: 18K gold plated, with three layers of gold</li>
<li>Stones: Cubic zirconia</li>
<li>Hypoallergenic and nickel-free, designed with sensitive skin in mind</li>
<li>Water-resistant and made to last, for everyday wear</li>
<li>Authentic Rommanel, designed in Brazil</li>
</ul>
<p>Care: put it on after perfume and creams, and take it off for the beach, the pool and hot showers to keep the shine for longer.</p>",Title,Default Title
18k-gold-plated-childrens-earrings-5232290000,Children's 18K Gold-Plated Ball Drop Earrings,"<p>Ball drop earrings for kids in 18K gold plating, a simple 1 cm design with a playful touch of shine. A cute Christmas stocking filler or birthday gift for a little one.</p>
<ul>
<li>Material: 18K gold plated, with three layers of gold</li>
<li>Size: 1 cm</li>
<li>Hypoallergenic and nickel-free, designed with sensitive skin in mind</li>
<li>Water-resistant and made to last, for everyday wear</li>
<li>Authentic Rommanel, designed in Brazil</li>
</ul>
<p>Care: put it on after perfume and creams, and take it off for the beach, the pool and hot showers to keep the shine for longer.</p>",Title,Default Title
18k-gold-plated-set-open-heart-00012026,18K Gold-Plated Open Heart Necklace and Earrings Set,"<p>Matching gold-plated heart necklace and earrings set by Rommanel: a Singapore chain with a heart charm and a pair of open-heart earrings with cubic zirconia. A lovely gift for a birthday, an anniversary or Mother's Day.</p>
<ul>
<li>Material: 18K gold plated, with three layers of gold</li>
<li>Stones: Cubic zirconia</li>
<li>Necklace: Singapore chain with a heart charm</li>
<li>Earrings: open-heart design</li>
<li>Hypoallergenic and nickel-free, designed with sensitive skin in mind</li>
<li>Water-resistant and made to last, for everyday wear</li>
<li>Authentic Rommanel, designed in Brazil</li>
</ul>
<p>Care: put it on after perfume and creams, and take it off for the beach, the pool and hot showers to keep the shine for longer.</p>",Title,Default Title
18k-gold-plated-hoop-earrings-5240140000,"18K Gold-Plated Textured Hoop Earrings, 1.3 cm","<p>Textured gold-plated hoop earrings with raised detailing, measuring 1.3 cm. A small everyday pair that adds subtle interest to simple outfits, worn alone or with your favourite pieces.</p>
<ul>
<li>Material: 18K gold plated, with three layers of gold</li>
<li>Size: 1.3 cm</li>
<li>Hypoallergenic and nickel-free, designed with sensitive skin in mind</li>
<li>Water-resistant and made to last, for everyday wear</li>
<li>Authentic Rommanel, designed in Brazil</li>
</ul>
<p>Care: put it on after perfume and creams, and take it off for the beach, the pool and hot showers to keep the shine for longer.</p>",Title,Default Title
18k-gold-plated-childrens-bow-earrings-5246350000,Children's 18K Gold-Plated Bow Stud Earrings,"<p>Kids' bow stud earrings plated in 18K gold by Rommanel, a sweet design made for children. A pretty birthday gift, or a treat for a little one's first jewellery box.</p>
<ul>
<li>Material: 18K gold plated, with three layers of gold</li>
<li>Hypoallergenic and nickel-free, designed with sensitive skin in mind</li>
<li>Water-resistant and made to last, for everyday wear</li>
<li>Authentic Rommanel, designed in Brazil</li>
</ul>
<p>Care: put it on after perfume and creams, and take it off for the beach, the pool and hot showers to keep the shine for longer.</p>",Title,Default Title
18k-gold-plated-hoop-earring-5224420000,"18K Gold-Plated Wide Huggie Hoop Earrings, 1.3 cm","<p>Wide huggie hoop earrings in 18K gold plating, with a half-round profile and a size of 1.3 cm. Small but bold, they make a go-to pair for everyday wear.</p>
<ul>
<li>Material: 18K gold plated, with three layers of gold</li>
<li>Size: 1.3 cm</li>
<li>Hypoallergenic and nickel-free, designed with sensitive skin in mind</li>
<li>Water-resistant and made to last, for everyday wear</li>
<li>Authentic Rommanel, designed in Brazil</li>
</ul>
<p>Care: put it on after perfume and creams, and take it off for the beach, the pool and hot showers to keep the shine for longer.</p>",Title,Default Title
18k-gold-plated-earring-with-crystals-5232090006,18K Gold-Plated Crystal Ear Climber Earrings,"<p>Crystal ear climber earrings plated in 18K gold, designed to rise up from the lobe along the ear. A modern, sparkly way to dress up a simple look or finish an ear stack.</p>
<ul>
<li>Material: 18K gold plated, with three layers of gold</li>
<li>Stones: Crystals</li>
<li>Hypoallergenic and nickel-free, designed with sensitive skin in mind</li>
<li>Water-resistant and made to last, for everyday wear</li>
<li>Authentic Rommanel, designed in Brazil</li>
</ul>
<p>Care: put it on after perfume and creams, and take it off for the beach, the pool and hot showers to keep the shine for longer.</p>",Title,Default Title
18k-gold-plated-oval-hoop-earrings-5209020000,"18K Gold-Plated Oval Hoop Earrings, 1.8 cm","<p>Oval hoop earrings in 18K gold plating, measuring 1.8 cm: a softer, elongated twist on the classic round hoop. Simple enough for every day and dressy enough for evenings out.</p>
<ul>
<li>Material: 18K gold plated, with three layers of gold</li>
<li>Size: 1.8 cm</li>
<li>Hypoallergenic and nickel-free, designed with sensitive skin in mind</li>
<li>Water-resistant and made to last, for everyday wear</li>
<li>Authentic Rommanel, designed in Brazil</li>
</ul>
<p>Care: put it on after perfume and creams, and take it off for the beach, the pool and hot showers to keep the shine for longer.</p>",Title,Default Title
18k-gold-plated-necklace-53030700,"18K Gold-Plated Hammered Chain Necklace, 42 cm","<p>Delicate gold-plated chain necklace made from fine hammered links, 42 cm long. Wear it on its own as a minimal everyday chain or layer it with other necklaces.</p>
<ul>
<li>Material: 18K gold plated, with three layers of gold</li>
<li>Length: 42 cm</li>
<li>Hammered link chain, 0.4 mm</li>
<li>Hypoallergenic and nickel-free, designed with sensitive skin in mind</li>
<li>Water-resistant and made to last, for everyday wear</li>
<li>Authentic Rommanel, designed in Brazil</li>
</ul>
<p>Care: put it on after perfume and creams, and take it off for the beach, the pool and hot showers to keep the shine for longer.</p>",Title,Default Title
gargantilha-com-pingente-solitario-banhada-a-ouro-18k-53200506,"18K Gold-Plated Solitaire Pendant Necklace, 40 cm","<p>Solitaire pendant necklace in 18K gold plating, with a single 4 mm cubic zirconia on a Venetian chain, 40 cm long. A classic piece from Rommanel's licensed Giovanna Antonelli collection for everyday wear and special occasions.</p>
<ul>
<li>Material: 18K gold plated, with three layers of gold</li>
<li>Length: 40 cm</li>
<li>Stones: One 4 mm cubic zirconia</li>
<li>Venetian chain</li>
<li>From the licensed Giovanna Antonelli collection, 12th edition</li>
<li>Hypoallergenic and nickel-free, designed with sensitive skin in mind</li>
<li>Water-resistant and made to last, for everyday wear</li>
<li>Authentic Rommanel, designed in Brazil</li>
</ul>
<p>Care: put it on after perfume and creams, and take it off for the beach, the pool and hot showers to keep the shine for longer.</p>",Title,Default Title
18k-gold-plated-heart-pendant-5429910000,18K Gold-Plated Puffed Heart Pendant,"<p>Puffed heart pendant in 18K gold plating, 1.2 cm x 1.3 cm: a small, rounded symbol of love to add to your favourite chain. A sweet gift for a partner, a daughter or a best friend.</p>
<ul>
<li>Material: 18K gold plated, with three layers of gold</li>
<li>Size: 1.2 cm x 1.3 cm</li>
<li>Chain sold separately</li>
<li>Hypoallergenic and nickel-free, designed with sensitive skin in mind</li>
<li>Water-resistant and made to last, for everyday wear</li>
<li>Authentic Rommanel, designed in Brazil</li>
</ul>
<p>Care: put it on after perfume and creams, and take it off for the beach, the pool and hot showers to keep the shine for longer.</p>",Title,Default Title
52080700,"18K Gold-Plated Classic Hoop Earrings, 1.8 cm","<p>Classic gold-plated hoop earrings in a simple round shape, 1.8 cm across: a small everyday pair that goes from work to weekends.</p>
<ul>
<li>Material: 18K gold plated, with three layers of gold</li>
<li>Size: 1.8 cm diameter</li>
<li>Hypoallergenic and nickel-free, designed with sensitive skin in mind</li>
<li>Water-resistant and made to last, for everyday wear</li>
<li>Authentic Rommanel, designed in Brazil</li>
</ul>
<p>Care: put it on after perfume and creams, and take it off for the beach, the pool and hot showers to keep the shine for longer.</p>",Title,Default Title
18k-gold-plated-hoop-earrings-5209010000,"18K Gold-Plated Smooth Hoop Earrings, 1.6 cm","<p>Smooth hoop earrings plated in 18K gold and measuring 1.6 cm, with a plain, clean surface that keeps the look simple. A small, versatile hoop to wear every day with anything in your wardrobe.</p>
<ul>
<li>Material: 18K gold plated, with three layers of gold</li>
<li>Size: 1.6 cm</li>
<li>Hypoallergenic and nickel-free, designed with sensitive skin in mind</li>
<li>Water-resistant and made to last, for everyday wear</li>
<li>Authentic Rommanel, designed in Brazil</li>
</ul>
<p>Care: put it on after perfume and creams, and take it off for the beach, the pool and hot showers to keep the shine for longer.</p>",Title,Default Title
butterfly-earring-plated-in-18k-gold-with-rhodium-plating-52016400,18K Gold-Plated Butterfly Studs with Rhodium Plating,"<p>Butterfly stud earrings in a two-tone finish that combines 18K gold plating with rhodium plating, so they pair easily with both gold and silver-tone jewellery. A pretty everyday pair and a thoughtful gift for butterfly lovers.</p>
<ul>
<li>Material: 18K gold plated, with three layers of gold and rhodium-plated details</li>
<li>Two-tone: 18K gold and rhodium plating</li>
<li>Hypoallergenic and nickel-free, designed with sensitive skin in mind</li>
<li>Water-resistant and made to last, for everyday wear</li>
<li>Authentic Rommanel, designed in Brazil</li>
</ul>
<p>Care: put it on after perfume and creams, and take it off for the beach, the pool and hot showers to keep the shine for longer.</p>",Title,Default Title
18k-gold-plated-earrings-with-pearls-and-crystals-52407012,18K Gold-Plated Pearl and Crystal Stud Earrings,"<p>Pearl and crystal stud earrings in 18K gold plating, where synthetic pearls meet a touch of crystal sparkle. A classic pair for special occasions, or for dressing up an everyday outfit.</p>
<ul>
<li>Material: 18K gold plated, with three layers of gold</li>
<li>Stones: Synthetic pearls and crystals</li>
<li>Hypoallergenic and nickel-free, designed with sensitive skin in mind</li>
<li>Water-resistant and made to last, for everyday wear</li>
<li>Authentic Rommanel, designed in Brazil</li>
</ul>
<p>Care: put it on after perfume and creams, and take it off for the beach, the pool and hot showers to keep the shine for longer.</p>",Title,Default Title
18k-gold-plated-butterfly-earrings-with-zirconia-52639506,18K Gold-Plated Mini Butterfly Studs with Cubic Zirconia,"<p>Mini butterfly stud earrings in 18K gold plating, set with cubic zirconia for a little sparkle. Dainty enough for every day, and a pretty gift for a daughter, niece or friend.</p>
<ul>
<li>Material: 18K gold plated, with three layers of gold</li>
<li>Stones: Cubic zirconia</li>
<li>Hypoallergenic and nickel-free, designed with sensitive skin in mind</li>
<li>Water-resistant and made to last, for everyday wear</li>
<li>Authentic Rommanel, designed in Brazil</li>
</ul>
<p>Care: put it on after perfume and creams, and take it off for the beach, the pool and hot showers to keep the shine for longer.</p>",Title,Default Title
18k-gold-plated-ear-cuff-earring-with-zirconias-52273106,18K Gold-Plated Cubic Zirconia Ear Climber Earrings,"<p>Ear climber earrings plated in 18K gold and set with cubic zirconia in three sizes, measuring 2.1 cm x 1 cm. Worn alone or as part of an ear stack, they bring extra sparkle to a night out.</p>
<ul>
<li>Material: 18K gold plated, with three layers of gold</li>
<li>Size: 2.1 cm x 1 cm</li>
<li>Stones: Two 2.5 mm, two 3 mm and two 4 mm cubic zirconia</li>
<li>Hypoallergenic and nickel-free, designed with sensitive skin in mind</li>
<li>Water-resistant and made to last, for everyday wear</li>
<li>Authentic Rommanel, designed in Brazil</li>
</ul>
<p>Care: put it on after perfume and creams, and take it off for the beach, the pool and hot showers to keep the shine for longer.</p>",Title,Default Title
brinco-circulos-entrelacados-banhado-a-ouro-18k-52431000,18K Gold-Plated Interlocking Circles Earrings,"<p>Interlocking circle stud earrings in 18K gold plating, with circles in high and low relief for a sculptural look. Small at 0.8 cm x 0.7 cm, they suit everyday wear and make a thoughtful gift for a friend.</p>
<ul>
<li>Material: 18K gold plated, with three layers of gold</li>
<li>Size: 0.8 cm x 0.7 cm</li>
<li>Sold as a pair</li>
<li>Hypoallergenic and nickel-free, designed with sensitive skin in mind</li>
<li>Water-resistant and made to last, for everyday wear</li>
<li>Authentic Rommanel, designed in Brazil</li>
</ul>
<p>Care: put it on after perfume and creams, and take it off for the beach, the pool and hot showers to keep the shine for longer.</p>",Title,Default Title
18k-gold-plated-earrings-with-synthetic-pearls-5220930026,18K Gold-Plated Pearl Drop Earrings,"<p>Elegant pearl drop earrings that pair a smooth 18K gold-plated base with 8 mm synthetic pearls, measuring 1.3 cm. A refined choice for workwear, weddings and evenings out.</p>
<ul>
<li>Material: 18K gold plated, with three layers of gold</li>
<li>Size: 1.3 cm</li>
<li>Stones: Two 8 mm synthetic pearls</li>
<li>Sold as a pair</li>
<li>Hypoallergenic and nickel-free, designed with sensitive skin in mind</li>
<li>Water-resistant and made to last, for everyday wear</li>
<li>Authentic Rommanel, designed in Brazil</li>
</ul>
<p>Care: put it on after perfume and creams, and take it off for the beach, the pool and hot showers to keep the shine for longer.</p>",Title,Default Title
18k-gold-plated-girl-pendant-5406840000,18K Gold-Plated Girl Face Pendant,"<p>Satin-finish girl face pendant plated in 18K gold, with a smooth bow and measuring 1 cm. A small keepsake for a mum to wear for her daughter, and a lovely gift for Mother's Day.</p>
<ul>
<li>Material: 18K gold plated, with three layers of gold</li>
<li>Size: 1 cm</li>
<li>Chain sold separately</li>
<li>Hypoallergenic and nickel-free, designed with sensitive skin in mind</li>
<li>Water-resistant and made to last, for everyday wear</li>
<li>Authentic Rommanel, designed in Brazil</li>
</ul>
<p>Care: put it on after perfume and creams, and take it off for the beach, the pool and hot showers to keep the shine for longer.</p>",Title,Default Title
18k-gold-plated-boy-pendant-5406850000,18K Gold-Plated Boy Face Pendant,"<p>Little boy face pendant in 18K gold plating, with a satin finish and a plain cap, 1 cm in size. A sweet tribute for mums of boys and a thoughtful gift for a new mum.</p>
<ul>
<li>Material: 18K gold plated, with three layers of gold</li>
<li>Size: 1 cm</li>
<li>Chain sold separately</li>
<li>Hypoallergenic and nickel-free, designed with sensitive skin in mind</li>
<li>Water-resistant and made to last, for everyday wear</li>
<li>Authentic Rommanel, designed in Brazil</li>
</ul>
<p>Care: put it on after perfume and creams, and take it off for the beach, the pool and hot showers to keep the shine for longer.</p>",Title,Default Title
18k-gold-plated-choker-with-lock-chain-5304314200,"18K Gold-Plated Lock Chain Necklace, 42 cm","<p>Fine 18K gold-plated lock chain necklace, 42 cm long, for a minimal touch of gold. Wear it solo every day or layer it with longer chains.</p>
<ul>
<li>Material: 18K gold plated, with three layers of gold</li>
<li>Length: 42 cm</li>
<li>Lock chain, 0.35 mm</li>
<li>Hypoallergenic and nickel-free, designed with sensitive skin in mind</li>
<li>Water-resistant and made to last, for everyday wear</li>
<li>Authentic Rommanel, designed in Brazil</li>
</ul>
<p>Care: put it on after perfume and creams, and take it off for the beach, the pool and hot showers to keep the shine for longer.</p>",Title,Default Title
18k-gold-plated-heart-pendant-with-domed-frieze-5429730000,18K Gold-Plated Grooved Heart Pendant,"<p>Domed heart pendant with grooved detailing, plated in 18K gold and measuring 1.6 cm x 1.2 cm. A classic love token for an anniversary, worn on a chain of your choice.</p>
<ul>
<li>Material: 18K gold plated, with three layers of gold</li>
<li>Size: 1.6 cm x 1.2 cm</li>
<li>Chain sold separately</li>
<li>Hypoallergenic and nickel-free, designed with sensitive skin in mind</li>
<li>Water-resistant and made to last, for everyday wear</li>
<li>Authentic Rommanel, designed in Brazil</li>
</ul>
<p>Care: put it on after perfume and creams, and take it off for the beach, the pool and hot showers to keep the shine for longer.</p>",Title,Default Title
18k-gold-plated-butterfly-pendant-5423050000,18K Gold-Plated Openwork Butterfly Pendant,"<p>Openwork butterfly pendant plated in 18K gold, with cut-out wings and a size of 1.4 cm x 0.8 cm. Hang it on a fine chain for an airy everyday look, or wear it alongside your other pendants.</p>
<ul>
<li>Material: 18K gold plated, with three layers of gold</li>
<li>Size: 1.4 cm x 0.8 cm</li>
<li>Chain sold separately</li>
<li>Hypoallergenic and nickel-free, designed with sensitive skin in mind</li>
<li>Water-resistant and made to last, for everyday wear</li>
<li>Authentic Rommanel, designed in Brazil</li>
</ul>
<p>Care: put it on after perfume and creams, and take it off for the beach, the pool and hot showers to keep the shine for longer.</p>",Title,Default Title
18k-gold-plated-cross-pendant-with-zirconias-5429150006,18K Gold-Plated Cross Pendant with Cubic Zirconia,"<p>Sparkling cross pendant studded with cubic zirconia and plated in 18K gold, 2.5 cm x 1.8 cm, for wearing your faith every day. A meaningful gift for a First Holy Communion, Confirmation or baptism.</p>
<ul>
<li>Material: 18K gold plated, with three layers of gold</li>
<li>Size: 2.5 cm x 1.8 cm</li>
<li>Stones: 31 cubic zirconia, 1 mm</li>
<li>Chain sold separately</li>
<li>Hypoallergenic and nickel-free, designed with sensitive skin in mind</li>
<li>Water-resistant and made to last, for everyday wear</li>
<li>Authentic Rommanel, designed in Brazil</li>
</ul>
<p>Care: put it on after perfume and creams, and take it off for the beach, the pool and hot showers to keep the shine for longer.</p>",Title,Default Title
18k-gold-plated-childrens-pendant-boy-54179900,18K Gold-Plated Boy Playing Soccer Pendant,"<p>Pendant of a little boy doing keepy-uppies with a soccer ball, plated in 18K gold and measuring 2.4 cm. A fun piece for a proud soccer mum, or a gift for a young fan of the game.</p>
<ul>
<li>Material: 18K gold plated, with three layers of gold</li>
<li>Size: 2.4 cm</li>
<li>Chain sold separately</li>
<li>Hypoallergenic and nickel-free, designed with sensitive skin in mind</li>
<li>Water-resistant and made to last, for everyday wear</li>
<li>Authentic Rommanel, designed in Brazil</li>
</ul>
<p>Care: put it on after perfume and creams, and take it off for the beach, the pool and hot showers to keep the shine for longer.</p>",Title,Default Title
butterfly-earring-plated-in-18k-gold-52756400,18K Gold-Plated Large Openwork Butterfly Earrings,"<p>Large openwork butterfly earrings plated in 18K gold, a bolder pair for days when you want your earrings to be noticed. They look pretty with summer dresses, weekend outfits and evenings out.</p>
<ul>
<li>Material: 18K gold plated, with three layers of gold</li>
<li>Hypoallergenic and nickel-free, designed with sensitive skin in mind</li>
<li>Water-resistant and made to last, for everyday wear</li>
<li>Authentic Rommanel, designed in Brazil</li>
</ul>
<p>Care: put it on after perfume and creams, and take it off for the beach, the pool and hot showers to keep the shine for longer.</p>",Title,Default Title
pendant-with-two-boys-and-a-hollow-heart-18k-gold-plated-54264600,18K Gold-Plated Two Boys and Heart Pendant,"<p>Two little boys joined by a heart in the centre form this 18K gold-plated family pendant, measuring 2.3 cm x 2.6 cm. A heartfelt choice for a mum of two sons, for Mother's Day or her birthday.</p>
<ul>
<li>Material: 18K gold plated, with three layers of gold</li>
<li>Size: 2.3 cm x 2.6 cm</li>
<li>Chain sold separately</li>
<li>Hypoallergenic and nickel-free, designed with sensitive skin in mind</li>
<li>Water-resistant and made to last, for everyday wear</li>
<li>Authentic Rommanel, designed in Brazil</li>
</ul>
<p>Care: put it on after perfume and creams, and take it off for the beach, the pool and hot showers to keep the shine for longer.</p>",Title,Default Title
pendant-with-two-girls-and-a-hollow-heart-18k-gold-plated-54264500,18K Gold-Plated Two Girls and Heart Pendant,"<p>Daughters, sisters or best friends: this 18K gold-plated pendant shows two girls joined by a heart in the centre, measuring 2.3 cm x 2.7 cm. A lovely gift for a mum of two girls or a special sister.</p>
<ul>
<li>Material: 18K gold plated, with three layers of gold</li>
<li>Size: 2.3 cm x 2.7 cm</li>
<li>Chain sold separately</li>
<li>Hypoallergenic and nickel-free, designed with sensitive skin in mind</li>
<li>Water-resistant and made to last, for everyday wear</li>
<li>Authentic Rommanel, designed in Brazil</li>
</ul>
<p>Care: put it on after perfume and creams, and take it off for the beach, the pool and hot showers to keep the shine for longer.</p>",Title,Default Title
18k-gold-plated-boy-and-girl-pendant-54193700,18K Gold-Plated Boy and Girl with Heart Pendant,"<p>Boy and girl pendant in 18K gold plating, showing the two children joined by a heart in the centre and measuring 2.3 cm x 2.7 cm. A charming way for a mum of a son and a daughter to keep both close.</p>
<ul>
<li>Material: 18K gold plated, with three layers of gold</li>
<li>Size: 2.3 cm x 2.7 cm</li>
<li>Chain sold separately</li>
<li>Hypoallergenic and nickel-free, designed with sensitive skin in mind</li>
<li>Water-resistant and made to last, for everyday wear</li>
<li>Authentic Rommanel, designed in Brazil</li>
</ul>
<p>Care: put it on after perfume and creams, and take it off for the beach, the pool and hot showers to keep the shine for longer.</p>",Title,Default Title
18k-gold-plated-heart-shaped-hoop-earrings-52714600,18K Gold-Plated Hoop Earrings with Heart Drops,"<p>Heart drop hoop earrings in 18K gold plating: small 1.1 cm hoops that each carry a domed heart. A romantic pair for Valentine's Day, an anniversary or a daughter's birthday.</p>
<ul>
<li>Material: 18K gold plated, with three layers of gold</li>
<li>Size: 2.3 cm x 0.7 cm, hoop 1.1 cm diameter</li>
<li>Hypoallergenic and nickel-free, designed with sensitive skin in mind</li>
<li>Water-resistant and made to last, for everyday wear</li>
<li>Authentic Rommanel, designed in Brazil</li>
</ul>
<p>Care: put it on after perfume and creams, and take it off for the beach, the pool and hot showers to keep the shine for longer.</p>",Title,Default Title
maxi-ring-with-intertwined-wires-18k-gold-plated-with-sphere-5135301400,18K Gold-Plated Maxi Wire Ring with Sphere,"<p>Statement maxi ring in 18K gold plating, made of five intertwined wire strands with a 5 mm sphere at the centre. A bold, sculptural piece to wear on its own or as the focus of a ring stack.</p>
<ul>
<li>Material: 18K gold plated, with three layers of gold</li>
<li>Five intertwined strands with a 5 mm sphere in the centre</li>
<li>Hypoallergenic and nickel-free, designed with sensitive skin in mind</li>
<li>Water-resistant and made to last, for everyday wear</li>
<li>Authentic Rommanel, designed in Brazil</li>
</ul>
<p>Care: put it on after perfume and creams, and take it off for the beach, the pool and hot showers to keep the shine for longer.</p>",Title,Default Title
maxi-triple-band-ring-plated-in-18k-gold-with-zirconias-513639,18K Gold-Plated Maxi Triple Band Ring with Cubic Zirconia,"<p>Triple band maxi ring plated in 18K gold, with an openwork design and three 4 mm cubic zirconia. Bold enough to wear on its own, it brings sparkle to evenings out and special occasions.</p>
<ul>
<li>Material: 18K gold plated, with three layers of gold</li>
<li>Stones: Three 4 mm cubic zirconia</li>
<li>Triple openwork band</li>
<li>Hypoallergenic and nickel-free, designed with sensitive skin in mind</li>
<li>Water-resistant and made to last, for everyday wear</li>
<li>Authentic Rommanel, designed in Brazil</li>
</ul>
<p>Care: put it on after perfume and creams, and take it off for the beach, the pool and hot showers to keep the shine for longer.</p>",Title,Default Title
butterfly-earring-plated-in-18k-gold-52656000,"18K Gold-Plated Mini Openwork Butterfly Studs, 0.9 cm","<p>Tiny openwork butterfly stud earrings in 18K gold plating, just 0.7 cm x 0.9 cm. A delicate everyday pair that also looks cute in a second piercing.</p>
<ul>
<li>Material: 18K gold plated, with three layers of gold</li>
<li>Size: 0.7 cm x 0.9 cm</li>
<li>Hypoallergenic and nickel-free, designed with sensitive skin in mind</li>
<li>Water-resistant and made to last, for everyday wear</li>
<li>Authentic Rommanel, designed in Brazil</li>
</ul>
<p>Care: put it on after perfume and creams, and take it off for the beach, the pool and hot showers to keep the shine for longer.</p>",Title,Default Title
hoop-earrings-with-cubic-zirconia-18k-gold-plated-52677006,18K Gold-Plated Hoop Earrings with Cubic Zirconia Drops,"<p>Small 18K gold-plated hoop earrings, 1.1 cm in diameter, finished with 5 mm cubic zirconia drops. A pretty, sparkly pair that works from day to evening.</p>
<ul>
<li>Material: 18K gold plated, with three layers of gold</li>
<li>Size: 2 cm x 0.6 cm, hoop 1.1 cm diameter</li>
<li>Stones: Two 5 mm cubic zirconia</li>
<li>Sold as a pair</li>
<li>Hypoallergenic and nickel-free, designed with sensitive skin in mind</li>
<li>Water-resistant and made to last, for everyday wear</li>
<li>Authentic Rommanel, designed in Brazil</li>
</ul>
<p>Care: put it on after perfume and creams, and take it off for the beach, the pool and hot showers to keep the shine for longer.</p>",Title,Default Title
18k-gold-plated-heart-earrings-52754600,18K Gold-Plated Beaded Heart Stud Earrings,"<p>Beaded heart stud earrings plated in 18K gold, a sweet and romantic everyday pair. A lovely birthday gift for a best friend, a sister or someone you love.</p>
<ul>
<li>Material: 18K gold plated, with three layers of gold</li>
<li>Hypoallergenic and nickel-free, designed with sensitive skin in mind</li>
<li>Water-resistant and made to last, for everyday wear</li>
<li>Authentic Rommanel, designed in Brazil</li>
</ul>
<p>Care: put it on after perfume and creams, and take it off for the beach, the pool and hot showers to keep the shine for longer.</p>",Title,Default Title
lotso-and-strawberry-bracelet-18k-gold-plated-with-resin-application-552191,18K Gold-Plated Lotso and Strawberry Bracelet,"<p>Playful kids' Lotso bracelet plated in 18K gold, featuring the Disney and Pixar bear alongside a strawberry, with resin detail. A fun birthday gift for a young Toy Story fan.</p>
<ul>
<li>Material: 18K gold plated, with three layers of gold</li>
<li>Lotso and strawberry design with resin detail</li>
<li>Hypoallergenic and nickel-free, designed with sensitive skin in mind</li>
<li>Water-resistant and made to last, for everyday wear</li>
<li>Authentic Rommanel, designed in Brazil</li>
</ul>
<p>Care: put it on after perfume and creams, and take it off for the beach, the pool and hot showers to keep the shine for longer.</p>",Title,Default Title
18k-gold-plated-boy-pendant-with-zirconia-5419260006,18K Gold-Plated Boy on a Swing Pendant with Cubic Zirconia,"<p>Gold-plated boy on a swing pendant, paired with a 4 mm round white cubic zirconia and measuring 3.3 cm. A tender piece for the mum of a little boy, to celebrate his arrival or her first Mother's Day.</p>
<ul>
<li>Material: 18K gold plated, with three layers of gold</li>
<li>Size: 3.3 cm</li>
<li>Stones: One 4 mm round white cubic zirconia</li>
<li>Chain sold separately</li>
<li>Hypoallergenic and nickel-free, designed with sensitive skin in mind</li>
<li>Water-resistant and made to last, for everyday wear</li>
<li>Authentic Rommanel, designed in Brazil</li>
</ul>
<p>Care: put it on after perfume and creams, and take it off for the beach, the pool and hot showers to keep the shine for longer.</p>",Title,Default Title
18k-gold-plated-starfish-earrings-5276090000,18K Gold-Plated Starfish Stud Earrings,"<p>Starfish stud earrings plated in 18K gold, a beachy pair inspired by the sea. A cheerful pick for beach days and summer holidays, and a fun gift for ocean lovers.</p>
<ul>
<li>Material: 18K gold plated, with three layers of gold</li>
<li>Hypoallergenic and nickel-free, designed with sensitive skin in mind</li>
<li>Water-resistant and made to last, for everyday wear</li>
<li>Authentic Rommanel, designed in Brazil</li>
</ul>
<p>Care: put it on after perfume and creams, and take it off for the beach, the pool and hot showers to keep the shine for longer.</p>",Title,Default Title
18k-gold-plated-skinny-infinity-ring-5136231400,18K Gold-Plated Skinny Infinity Ring,"<p>Skinny infinity ring plated in 18K gold, a slim stacking band featuring the infinity symbol as a quiet sign of lasting love or friendship. A thoughtful gift for a best friend, a sister or a partner.</p>
<ul>
<li>Material: 18K gold plated, with three layers of gold</li>
<li>Hypoallergenic and nickel-free, designed with sensitive skin in mind</li>
<li>Water-resistant and made to last, for everyday wear</li>
<li>Authentic Rommanel, designed in Brazil</li>
</ul>
<p>Care: put it on after perfume and creams, and take it off for the beach, the pool and hot showers to keep the shine for longer.</p>",Title,Default Title
double-band-ring-plated-in-18k-gold-with-spheres-and-cubic-zirconia-5135511206,18K Gold-Plated Double Band Ring with Spheres and Cubic Zirconia,"<p>Double band ring in 18K gold plating that pairs a row of 3 mm spheres with a row of cubic zirconia, for a stacked look in a single ring. Add texture and sparkle to everyday outfits or evenings out.</p>
<ul>
<li>Material: 18K gold plated, with three layers of gold</li>
<li>Stones: 11 cubic zirconia, 2 mm</li>
<li>Row of nine 3 mm spheres</li>
<li>Hypoallergenic and nickel-free, designed with sensitive skin in mind</li>
<li>Water-resistant and made to last, for everyday wear</li>
<li>Authentic Rommanel, designed in Brazil</li>
</ul>
<p>Care: put it on after perfume and creams, and take it off for the beach, the pool and hot showers to keep the shine for longer.</p>",Title,Default Title
skinny-butterfly-ring-plated-in-18k-gold-with-cubic-zirconia-5134831606,18K Gold-Plated Skinny Butterfly Ring with Cubic Zirconia,"<p>Slim butterfly ring plated in 18K gold and set with cubic zirconia in two sizes. Wear it as a dainty everyday ring or stack it with other fine bands for extra sparkle.</p>
<ul>
<li>Material: 18K gold plated, with three layers of gold</li>
<li>Stones: Three 1.5 mm and three 2.5 mm cubic zirconia</li>
<li>Hypoallergenic and nickel-free, designed with sensitive skin in mind</li>
<li>Water-resistant and made to last, for everyday wear</li>
<li>Authentic Rommanel, designed in Brazil</li>
</ul>
<p>Care: put it on after perfume and creams, and take it off for the beach, the pool and hot showers to keep the shine for longer.</p>",Title,Default Title
choker-with-customizable-pendant-plate-18k-gold-plated-5326235000,18K Gold-Plated Personalised Bar Necklace,"<p>Personalised bar necklace plated in 18K gold, with a customisable pendant plate for a piece that feels truly yours. Give it for a birthday, a graduation or an anniversary.</p>
<ul>
<li>Material: 18K gold plated, with three layers of gold</li>
<li>Hypoallergenic and nickel-free, designed with sensitive skin in mind</li>
<li>Water-resistant and made to last, for everyday wear</li>
<li>Authentic Rommanel, designed in Brazil</li>
</ul>
<p>Care: put it on after perfume and creams, and take it off for the beach, the pool and hot showers to keep the shine for longer.</p>",Title,Default Title
brinco-coracao-banhado-a-ouro-18k-com-cristais-522372,18K Gold-Plated Heart Crystal Earrings,"<p>Heart earrings plated in 18K gold and set with crystals: a sparkling symbol of love to wear every day. A sweet gift for Valentine's Day, an anniversary or a best friend's birthday.</p>
<ul>
<li>Material: 18K gold plated, with three layers of gold</li>
<li>Stones: Crystals</li>
<li>Hypoallergenic and nickel-free, designed with sensitive skin in mind</li>
<li>Water-resistant and made to last, for everyday wear</li>
<li>Authentic Rommanel, designed in Brazil</li>
</ul>
<p>Care: put it on after perfume and creams, and take it off for the beach, the pool and hot showers to keep the shine for longer.</p>",Title,Default Title
18k-gold-plated-earrings-with-crystals-and-synthetic-pearls-52395112,18K Gold-Plated Crystal and Pearl Drop Earrings,"<p>Crystal and pearl drop earrings by Rommanel, pairing sparkling crystals with synthetic pearls in 18K gold plating. A graceful choice for weddings and dinners out, and a lovely bridesmaid gift.</p>
<ul>
<li>Material: 18K gold plated, with three layers of gold</li>
<li>Stones: Crystals and synthetic pearls</li>
<li>Hypoallergenic and nickel-free, designed with sensitive skin in mind</li>
<li>Water-resistant and made to last, for everyday wear</li>
<li>Authentic Rommanel, designed in Brazil</li>
</ul>
<p>Care: put it on after perfume and creams, and take it off for the beach, the pool and hot showers to keep the shine for longer.</p>",Title,Default Title
curved-earring-with-cubic-zirconia-18k-gold-plated-52751906,18K Gold-Plated Curved Cubic Zirconia Earrings,"<p>Curved statement earrings in 18K gold plating, set with cubic zirconia for a modern flash of sparkle. Wear them to dinners, parties and celebrations, or with a simple white shirt.</p>
<ul>
<li>Material: 18K gold plated, with three layers of gold</li>
<li>Stones: Cubic zirconia</li>
<li>Hypoallergenic and nickel-free, designed with sensitive skin in mind</li>
<li>Water-resistant and made to last, for everyday wear</li>
<li>Authentic Rommanel, designed in Brazil</li>
</ul>
<p>Care: put it on after perfume and creams, and take it off for the beach, the pool and hot showers to keep the shine for longer.</p>",Title,Default Title
gargantilha-com-pingente-esfera-banhada-a-ouro-18k-53254900,"18K Gold-Plated Ball Pendant Necklace, 45 cm","<p>Minimalist ball pendant necklace: a 10 mm gold-plated sphere on a fine 45 cm Venetian chain. Simple enough for every day, and easy to layer with longer chains.</p>
<ul>
<li>Material: 18K gold plated, with three layers of gold</li>
<li>Length: 45 cm</li>
<li>Venetian chain, 0.4 mm</li>
<li>10 mm ball pendant</li>
<li>Hypoallergenic and nickel-free, designed with sensitive skin in mind</li>
<li>Water-resistant and made to last, for everyday wear</li>
<li>Authentic Rommanel, designed in Brazil</li>
</ul>
<p>Care: put it on after perfume and creams, and take it off for the beach, the pool and hot showers to keep the shine for longer.</p>",Title,Default Title
gold-plated-butterfly-earring-with-zirconias-527326,18K Gold-Plated Pavé Butterfly Stud Earrings,"<p>Glittering butterfly stud earrings paved with tiny cubic zirconia and plated in 18K gold, a pretty bit of sparkle for every day. Lovely as a birthday gift for a daughter, sister or friend.</p>
<ul>
<li>Material: 18K gold plated, with three layers of gold</li>
<li>Size: 0.9 cm x 1.2 cm</li>
<li>Stones: 28 cubic zirconia per pair, 1 mm</li>
<li>Hypoallergenic and nickel-free, designed with sensitive skin in mind</li>
<li>Water-resistant and made to last, for everyday wear</li>
<li>Authentic Rommanel, designed in Brazil</li>
</ul>
<p>Care: put it on after perfume and creams, and take it off for the beach, the pool and hot showers to keep the shine for longer.</p>",Title,Default Title
18k-gold-plated-triangle-earring-set-with-zirconias-52728406,18K Gold-Plated Triangle Stud and Hoop Earring Set,"<p>Two pairs in one set: triangle solitaire studs and hoop earrings, each earring holding a 4 mm triangular cubic zirconia, all in 18K gold plating. Style them together as an ear stack or wear each pair on its own.</p>
<ul>
<li>Material: 18K gold plated, with three layers of gold</li>
<li>Size: 0.5 cm x 0.5 cm (studs), 2 cm x 0.5 cm (hoops)</li>
<li>Stones: Four triangular cubic zirconia, 4 mm x 4 mm, one per earring</li>
<li>Set of two pairs: triangle solitaire studs and hoop earrings</li>
<li>Hypoallergenic and nickel-free, designed with sensitive skin in mind</li>
<li>Water-resistant and made to last, for everyday wear</li>
<li>Authentic Rommanel, designed in Brazil</li>
</ul>
<p>Care: put it on after perfume and creams, and take it off for the beach, the pool and hot showers to keep the shine for longer.</p>",Title,Default Title
18k-gold-plated-half-hoop-earrings-527079,"18K Gold-Plated Ribbed Half Hoop Earrings, 1.3 cm","<p>Half hoop earrings made of several smooth wires side by side, plated in 18K gold and measuring 1.3 cm. An easy everyday pair with more texture than a plain hoop.</p>
<ul>
<li>Material: 18K gold plated, with three layers of gold</li>
<li>Size: 1.3 cm</li>
<li>Hypoallergenic and nickel-free, designed with sensitive skin in mind</li>
<li>Water-resistant and made to last, for everyday wear</li>
<li>Authentic Rommanel, designed in Brazil</li>
</ul>
<p>Care: put it on after perfume and creams, and take it off for the beach, the pool and hot showers to keep the shine for longer.</p>",Title,Default Title
childrens-solitaire-earring-plated-in-18k-gold-with-crystals-52409206,Children's 18K Gold-Plated Star Stud Earrings with Crystal,"<p>Kids' star stud earrings, 0.5 cm, each with a single crystal set in 18K gold plating. A cute first pair for a little one's birthday or for Christmas.</p>
<ul>
<li>Material: 18K gold plated, with three layers of gold</li>
<li>Size: 0.5 cm</li>
<li>Stones: One crystal per earring</li>
<li>Hypoallergenic and nickel-free, designed with sensitive skin in mind</li>
<li>Water-resistant and made to last, for everyday wear</li>
<li>Authentic Rommanel, designed in Brazil</li>
</ul>
<p>Care: put it on after perfume and creams, and take it off for the beach, the pool and hot showers to keep the shine for longer.</p>",Title,Default Title
wavy-hoop-earring-plated-in-18k-gold-with-rhodium-plating-52038800,18K Gold-Plated Wavy Hoop Earrings with Rhodium Plating,"<p>Wavy openwork hoop earrings, 1.8 cm, that combine 18K gold plating with rhodium plating for a two-tone finish. A smart choice if you like to wear gold and silver tones together.</p>
<ul>
<li>Material: 18K gold plated, with three layers of gold and rhodium-plated details</li>
<li>Size: 1.8 cm</li>
<li>Two-tone: 18K gold plating with rhodium plating</li>
<li>Hypoallergenic and nickel-free, designed with sensitive skin in mind</li>
<li>Water-resistant and made to last, for everyday wear</li>
<li>Authentic Rommanel, designed in Brazil</li>
</ul>
<p>Care: put it on after perfume and creams, and take it off for the beach, the pool and hot showers to keep the shine for longer.</p>",Title,Default Title
brinco-argola-banhado-a-ouro-18k-com-zirconias-52321406,18K Gold-Plated Huggie Hoop Earrings with Cubic Zirconia,"<p>Huggie hoop earrings set with cubic zirconia and plated in 18K gold, just 0.7 cm across. A small, sparkling pair to wear every day, alone or alongside your favourite studs.</p>
<ul>
<li>Material: 18K gold plated, with three layers of gold</li>
<li>Size: 0.7 cm diameter</li>
<li>Stones: 10 cubic zirconia per pair</li>
<li>Hypoallergenic and nickel-free, designed with sensitive skin in mind</li>
<li>Water-resistant and made to last, for everyday wear</li>
<li>Authentic Rommanel, designed in Brazil</li>
</ul>
<p>Care: put it on after perfume and creams, and take it off for the beach, the pool and hot showers to keep the shine for longer.</p>",Title,Default Title
18k-gold-plated-hook-earring-with-spheres-527166,18K Gold-Plated Filigree Ball Drop Earrings,"<p>Statement ball drop earrings: hollow filigree spheres hanging one from another, plated in 18K gold. A playful, eye-catching pair for parties, weddings and summer evenings.</p>
<ul>
<li>Material: 18K gold plated, with three layers of gold</li>
<li>Size: 4.4 cm x 1.2 cm</li>
<li>Hollow spheres hanging one from another</li>
<li>Hypoallergenic and nickel-free, designed with sensitive skin in mind</li>
<li>Water-resistant and made to last, for everyday wear</li>
<li>Authentic Rommanel, designed in Brazil</li>
</ul>
<p>Care: put it on after perfume and creams, and take it off for the beach, the pool and hot showers to keep the shine for longer.</p>",Title,Default Title
18k-gold-plated-choker-with-salamander-wire-531779,"18K Gold-Plated Salamander Chain Choker, 38 cm","<p>Fine salamander chain choker by Rommanel, plated in 18K gold and 38 cm long. Clean and minimal on its own, or layered with longer necklaces and pendants.</p>
<ul>
<li>Material: 18K gold plated, with three layers of gold</li>
<li>Length: 38 cm</li>
<li>Salamander chain, 1 mm</li>
<li>Hypoallergenic and nickel-free, designed with sensitive skin in mind</li>
<li>Water-resistant and made to last, for everyday wear</li>
<li>Authentic Rommanel, designed in Brazil</li>
</ul>
<p>Care: put it on after perfume and creams, and take it off for the beach, the pool and hot showers to keep the shine for longer.</p>",Title,Default Title
double-link-bracelet-in-solid-925-silver-85011000,"925 Sterling Silver Double Link Bracelet, 19 cm","<p>Double link bracelet in solid 925 sterling silver, 19 cm long: a classic chain design for everyday wear, on its own or stacked with a watch. A thoughtful birthday or anniversary gift.</p>
<ul>
<li>Material: solid 925 sterling silver</li>
<li>Length: 19 cm</li>
<li>Hypoallergenic and nickel-free, designed with sensitive skin in mind</li>
<li>Water-resistant and made to last, for everyday wear</li>
<li>Authentic Rommanel, designed in Brazil</li>
</ul>
<p>Care: put it on after perfume and creams, and take it off for the beach, the pool and hot showers to keep the shine for longer.</p>",Title,Default Title
solid-925-sterling-silver-heart-solitaire-pendant-with-cubic-zirconia-84022533,925 Sterling Silver Red Heart Pendant with Cubic Zirconia,"<p>Red heart pendant in solid 925 sterling silver, holding a single heart-shaped cubic zirconia in a solitaire setting. A loving gift for an anniversary or Valentine's Day.</p>
<ul>
<li>Material: solid 925 sterling silver</li>
<li>Size: 1.2 cm x 0.6 cm</li>
<li>Stones: One red heart-shaped cubic zirconia, 4 mm x 4 mm</li>
<li>Solitaire setting</li>
<li>From the Cycles of Life Collection</li>
<li>Chain sold separately</li>
<li>Hypoallergenic and nickel-free, designed with sensitive skin in mind</li>
<li>Water-resistant and made to last, for everyday wear</li>
<li>Authentic Rommanel, designed in Brazil</li>
</ul>
<p>Care: put it on after perfume and creams, and take it off for the beach, the pool and hot showers to keep the shine for longer.</p>",Title,Default Title
925-sterling-silver-gourmet-link-necklace-830054,"925 Sterling Silver Gourmet Chain Necklace, 50 cm","<p>Versatile gourmet chain necklace in solid 925 sterling silver, 50 cm long, made of faceted curb-style links. Wear it alone as an everyday chain or layer it with shorter necklaces.</p>
<ul>
<li>Material: solid 925 sterling silver</li>
<li>Length: 50 cm</li>
<li>Faceted gourmet (curb) chain, 0.35 mm wire</li>
<li>From the Eternally 925 Sterling Silver Collection</li>
<li>Hypoallergenic and nickel-free, designed with sensitive skin in mind</li>
<li>Water-resistant and made to last, for everyday wear</li>
<li>Authentic Rommanel, designed in Brazil</li>
</ul>
<p>Care: put it on after perfume and creams, and take it off for the beach, the pool and hot showers to keep the shine for longer.</p>",Title,Default Title
solid-925-sterling-silver-butterfly-earrings-82029000,925 Sterling Silver Beaded Butterfly Stud Earrings,"<p>Sterling silver butterfly studs decorated with raised bead detailing, 0.7 cm x 0.9 cm. A dainty, nature-inspired pair for everyday wear and a pretty gift for a friend or daughter.</p>
<ul>
<li>Material: solid 925 sterling silver</li>
<li>Size: 0.7 cm x 0.9 cm</li>
<li>Raised bead detailing</li>
<li>From the Aurora Collection</li>
<li>Hypoallergenic and nickel-free, designed with sensitive skin in mind</li>
<li>Water-resistant and made to last, for everyday wear</li>
<li>Authentic Rommanel, designed in Brazil</li>
</ul>
<p>Care: put it on after perfume and creams, and take it off for the beach, the pool and hot showers to keep the shine for longer.</p>",Title,Default Title
solitaire-teardrop-earring-in-925-sterling-silver-with-cubic-zirconia-82026206,925 Sterling Silver Teardrop Cubic Zirconia Stud Earrings,"<p>Solitaire teardrop stud earrings by Rommanel in solid 925 sterling silver, each holding a 5 mm x 7 mm pear-shaped cubic zirconia. Classic sparkle for weddings, graduations and evenings out.</p>
<ul>
<li>Material: solid 925 sterling silver</li>
<li>Size: 0.9 cm x 0.7 cm</li>
<li>Stones: Two white teardrop cubic zirconia, 5 mm x 7 mm, one per earring</li>
<li>Solitaire setting</li>
<li>From the Aurora Collection</li>
<li>Hypoallergenic and nickel-free, designed with sensitive skin in mind</li>
<li>Water-resistant and made to last, for everyday wear</li>
<li>Authentic Rommanel, designed in Brazil</li>
</ul>
<p>Care: put it on after perfume and creams, and take it off for the beach, the pool and hot showers to keep the shine for longer.</p>",Title,Default Title
butterfly-earring-in-925-sterling-silver-with-cubic-zirconia-stones-82023006,925 Sterling Silver Butterfly Stud Earrings with Cubic Zirconia,"<p>Tiny butterfly stud earrings in solid 925 sterling silver, set with cubic zirconia and measuring 0.6 cm x 0.6 cm. Suitable for grown-ups and kids, they make a sweet gift for a daughter or granddaughter.</p>
<ul>
<li>Material: solid 925 sterling silver</li>
<li>Size: 0.6 cm x 0.6 cm</li>
<li>Stones: 10 cubic zirconia per pair, 1 mm</li>
<li>Suitable for adults and children</li>
<li>Hypoallergenic and nickel-free, designed with sensitive skin in mind</li>
<li>Water-resistant and made to last, for everyday wear</li>
<li>Authentic Rommanel, designed in Brazil</li>
</ul>
<p>Care: put it on after perfume and creams, and take it off for the beach, the pool and hot showers to keep the shine for longer.</p>",Title,Default Title
3mm-925-sterling-silver-ball-earrings-82021200,"925 Sterling Silver Ball Stud Earrings, 3 mm","<p>Simple 3 mm ball stud earrings in solid 925 sterling silver, for adults and children alike. A classic first pair for little ears and a discreet everyday stud for grown-ups.</p>
<ul>
<li>Material: solid 925 sterling silver</li>
<li>Size: 3 mm diameter</li>
<li>Suitable for adults and children</li>
<li>From Rommanel's Permanent Line</li>
<li>Hypoallergenic and nickel-free, designed with sensitive skin in mind</li>
<li>Water-resistant and made to last, for everyday wear</li>
<li>Authentic Rommanel, designed in Brazil</li>
</ul>
<p>Care: put it on after perfume and creams, and take it off for the beach, the pool and hot showers to keep the shine for longer.</p>",Title,Default Title
925-sterling-silver-hoop-earrings-with-cubic-zirconia-82016906,925 Sterling Silver Huggie Hoop Earrings with Cubic Zirconia,"<p>Sparkling huggie hoops in solid 925 sterling silver, studded with cubic zirconia and 1.4 cm in outer diameter. A refined finishing touch for work, dinners and special occasions.</p>
<ul>
<li>Material: solid 925 sterling silver</li>
<li>Size: 1.4 cm external diameter</li>
<li>Stones: 40 white cubic zirconia per pair, 1.25 mm</li>
<li>From Rommanel's Permanent Line</li>
<li>Hypoallergenic and nickel-free, designed with sensitive skin in mind</li>
<li>Water-resistant and made to last, for everyday wear</li>
<li>Authentic Rommanel, designed in Brazil</li>
</ul>
<p>Care: put it on after perfume and creams, and take it off for the beach, the pool and hot showers to keep the shine for longer.</p>",Title,Default Title
childrens-crown-earrings-18k-gold-plated-52494800,Children's 18K Gold-Plated Crown Stud Earrings,"<p>Little crown stud earrings for children, with an openwork design and granulated detail in 18K gold plating. A fun birthday gift for a young princess or prince.</p>
<ul>
<li>Material: 18K gold plated, with three layers of gold</li>
<li>Size: 0.7 cm x 0.8 cm</li>
<li>Openwork crown with granulated detail</li>
<li>Hypoallergenic and nickel-free, designed with sensitive skin in mind</li>
<li>Water-resistant and made to last, for everyday wear</li>
<li>Authentic Rommanel, designed in Brazil</li>
</ul>
<p>Care: put it on after perfume and creams, and take it off for the beach, the pool and hot showers to keep the shine for longer.</p>",Title,Default Title
childrens-bird-earrings-18k-gold-plated-52409500,Children's 18K Gold-Plated Bird Drop Earrings,"<p>Children's bird drop earrings plated in 18K gold, a cheerful pair for little nature lovers. A charming birthday or Christmas gift for a granddaughter, niece or goddaughter.</p>
<ul>
<li>Material: 18K gold plated, with three layers of gold</li>
<li>Hypoallergenic and nickel-free, designed with sensitive skin in mind</li>
<li>Water-resistant and made to last, for everyday wear</li>
<li>Authentic Rommanel, designed in Brazil</li>
</ul>
<p>Care: put it on after perfume and creams, and take it off for the beach, the pool and hot showers to keep the shine for longer.</p>",Title,Default Title
18k-gold-plated-earrings-with-zirconias-52405106,18K Gold-Plated Pavé Heart Stud Earrings,"<p>Pavé heart stud earrings in 18K gold plating, set with 20 cubic zirconia across the pair. A sparkling everyday reminder of love, and a lovely gift for Mother's Day or a birthday.</p>
<ul>
<li>Material: 18K gold plated, with three layers of gold</li>
<li>Stones: 20 cubic zirconia per pair</li>
<li>Hypoallergenic and nickel-free, designed with sensitive skin in mind</li>
<li>Water-resistant and made to last, for everyday wear</li>
<li>Authentic Rommanel, designed in Brazil</li>
</ul>
<p>Care: put it on after perfume and creams, and take it off for the beach, the pool and hot showers to keep the shine for longer.</p>",Title,Default Title
18k-gold-plated-half-hoop-earring-with-zirconias-527094,18K Gold-Plated Pavé Half Hoop Earrings,"<p>Half hoop earrings paved with cubic zirconia and plated in 18K gold, for a touch of sparkle from morning meetings to evenings out. Wear them solo or with simple studs.</p>
<ul>
<li>Material: 18K gold plated, with three layers of gold</li>
<li>Stones: Cubic zirconia</li>
<li>Hypoallergenic and nickel-free, designed with sensitive skin in mind</li>
<li>Water-resistant and made to last, for everyday wear</li>
<li>Authentic Rommanel, designed in Brazil</li>
</ul>
<p>Care: put it on after perfume and creams, and take it off for the beach, the pool and hot showers to keep the shine for longer.</p>",Title,Default Title
18k-gold-plated-half-hoop-earrings-52672600,"18K Gold-Plated Smooth Half Hoop Earrings, 1.3 cm","<p>Smooth half hoop earrings plated in 18K gold, 1.3 cm: a clean, minimal shape that suits every day and pairs easily with studs and huggies.</p>
<ul>
<li>Material: 18K gold plated, with three layers of gold</li>
<li>Size: 1.3 cm</li>
<li>Hypoallergenic and nickel-free, designed with sensitive skin in mind</li>
<li>Water-resistant and made to last, for everyday wear</li>
<li>Authentic Rommanel, designed in Brazil</li>
</ul>
<p>Care: put it on after perfume and creams, and take it off for the beach, the pool and hot showers to keep the shine for longer.</p>",Title,Default Title
childrens-bracelet-plated-in-18k-gold-with-beads-55010400,"Children's 18K Gold-Plated Bead Bracelet, 14 cm","<p>Beaded bracelet for kids, made of 2 mm beads in 18K gold plating and measuring 14 cm. A lovely keepsake gift for a birthday or Christmas.</p>
<ul>
<li>Material: 18K gold plated, with three layers of gold</li>
<li>Length: 14 cm</li>
<li>Made of 2 mm beads</li>
<li>Hypoallergenic and nickel-free, designed with sensitive skin in mind</li>
<li>Water-resistant and made to last, for everyday wear</li>
<li>Authentic Rommanel, designed in Brazil</li>
</ul>
<p>Care: put it on after perfume and creams, and take it off for the beach, the pool and hot showers to keep the shine for longer.</p>",Title,Default Title
18k-gold-plated-choker-with-diamond-shaped-chain-53146800,"18K Gold-Plated Diamond-Shaped Link Necklace, 42 cm","<p>Geometric link necklace by Rommanel, made of hammered rhombus-shaped links in 18K gold plating and 42 cm long. A modern chain to wear on its own or layer with finer necklaces.</p>
<ul>
<li>Material: 18K gold plated, with three layers of gold</li>
<li>Length: 42 cm</li>
<li>Hammered rhombus-shaped links</li>
<li>Hypoallergenic and nickel-free, designed with sensitive skin in mind</li>
<li>Water-resistant and made to last, for everyday wear</li>
<li>Authentic Rommanel, designed in Brazil</li>
</ul>
<p>Care: put it on after perfume and creams, and take it off for the beach, the pool and hot showers to keep the shine for longer.</p>",Title,Default Title
18k-gold-plated-choker-with-lock-chain-53163800,"18K Gold-Plated Fine Lock Chain Necklace, 42 cm","<p>Delicate lock chain necklace plated in 18K gold, 42 cm long and finished with a padlock clasp. Easy to layer with other chains or to wear on its own.</p>
<ul>
<li>Material: 18K gold plated, with three layers of gold</li>
<li>Length: 42 cm</li>
<li>Lock chain, 0.2 mm</li>
<li>Padlock clasp</li>
<li>Hypoallergenic and nickel-free, designed with sensitive skin in mind</li>
<li>Water-resistant and made to last, for everyday wear</li>
<li>Authentic Rommanel, designed in Brazil</li>
</ul>
<p>Care: put it on after perfume and creams, and take it off for the beach, the pool and hot showers to keep the shine for longer.</p>",Title,Default Title
butterfly-earring-plated-in-18k-gold-with-synthetic-stones-52756627,18K Gold-Plated Black Butterfly Stud Earrings,"<p>Black butterfly stud earrings set with synthetic stones and plated in 18K gold, a bold, graphic take on a much-loved motif. A great gift for a friend who loves butterflies.</p>
<ul>
<li>Material: 18K gold plated, with three layers of gold</li>
<li>Stones: Synthetic stones</li>
<li>Hypoallergenic and nickel-free, designed with sensitive skin in mind</li>
<li>Water-resistant and made to last, for everyday wear</li>
<li>Authentic Rommanel, designed in Brazil</li>
</ul>
<p>Care: put it on after perfume and creams, and take it off for the beach, the pool and hot showers to keep the shine for longer.</p>",Title,Default Title
butterfly-earring-plated-in-18k-gold-with-synthetic-stones-52756506,18K Gold-Plated White Butterfly Stud Earrings,"<p>White butterfly stud earrings set with synthetic stones in 18K gold plating, a fresh and delicate everyday pair. A pretty gift for a birthday, a bridesmaid or a new graduate.</p>
<ul>
<li>Material: 18K gold plated, with three layers of gold</li>
<li>Stones: Synthetic stones</li>
<li>Hypoallergenic and nickel-free, designed with sensitive skin in mind</li>
<li>Water-resistant and made to last, for everyday wear</li>
<li>Authentic Rommanel, designed in Brazil</li>
</ul>
<p>Care: put it on after perfume and creams, and take it off for the beach, the pool and hot showers to keep the shine for longer.</p>",Title,Default Title
18k-gold-plated-dometer-earring-52747800,18K Gold-Plated Teardrop Stud Earrings,"<p>Domed teardrop stud earrings with a smooth 18K gold-plated surface, measuring 1.5 cm x 0.9 cm. A clean, modern shape to wear with jeans or dress up for the evening.</p>
<ul>
<li>Material: 18K gold plated, with three layers of gold</li>
<li>Size: 1.5 cm x 0.9 cm</li>
<li>Domed, smooth surface</li>
<li>Hypoallergenic and nickel-free, designed with sensitive skin in mind</li>
<li>Water-resistant and made to last, for everyday wear</li>
<li>Authentic Rommanel, designed in Brazil</li>
</ul>
<p>Care: put it on after perfume and creams, and take it off for the beach, the pool and hot showers to keep the shine for longer.</p>",Title,Default Title
18k-gold-plated-earring-with-sphere-52047000,"18K Gold-Plated Ball Stud Earrings, 8 mm","<p>Bold 8 mm ball stud earrings plated in 18K gold: a simple round shape with real presence. Wear them on their own or with a fine chain for a neat, put-together look.</p>
<ul>
<li>Material: 18K gold plated, with three layers of gold</li>
<li>Size: 8 mm diameter</li>
<li>Hypoallergenic and nickel-free, designed with sensitive skin in mind</li>
<li>Water-resistant and made to last, for everyday wear</li>
<li>Authentic Rommanel, designed in Brazil</li>
</ul>
<p>Care: put it on after perfume and creams, and take it off for the beach, the pool and hot showers to keep the shine for longer.</p>",Title,Default Title
18k-gold-plated-sphere-earrings-52024600,"18K Gold-Plated Ball Stud Earrings, 4 mm","<p>Dainty 4 mm ball stud earrings in 18K gold plating, a minimal everyday pair for a first or second piercing. Quiet enough for the office and easy to mix with hoops.</p>
<ul>
<li>Material: 18K gold plated, with three layers of gold</li>
<li>Size: 4 mm diameter</li>
<li>Hypoallergenic and nickel-free, designed with sensitive skin in mind</li>
<li>Water-resistant and made to last, for everyday wear</li>
<li>Authentic Rommanel, designed in Brazil</li>
</ul>
<p>Care: put it on after perfume and creams, and take it off for the beach, the pool and hot showers to keep the shine for longer.</p>",Title,Default Title
18k-gold-plated-openwork-hoop-earrings-52317900,"18K Gold-Plated Openwork Hoop Earrings, 1.4 cm","<p>Openwork hoop earrings, 1.4 cm, patterned with cut-out squares and plated in 18K gold. A small hoop with a geometric twist that goes from casual days to dinner plans.</p>
<ul>
<li>Material: 18K gold plated, with three layers of gold</li>
<li>Size: 1.4 cm</li>
<li>Openwork squares</li>
<li>Hypoallergenic and nickel-free, designed with sensitive skin in mind</li>
<li>Water-resistant and made to last, for everyday wear</li>
<li>Authentic Rommanel, designed in Brazil</li>
</ul>
<p>Care: put it on after perfume and creams, and take it off for the beach, the pool and hot showers to keep the shine for longer.</p>",Title,Default Title
18k-gold-plated-hoop-earrings-52290600,"18K Gold-Plated Plain Hoop Earrings, 1.7 cm","<p>Plain 1.7 cm hoop earrings plated in 18K gold, the kind of simple, versatile pair you reach for every morning. Wear them alone or alongside studs and ear cuffs.</p>
<ul>
<li>Material: 18K gold plated, with three layers of gold</li>
<li>Size: 1.7 cm</li>
<li>Hypoallergenic and nickel-free, designed with sensitive skin in mind</li>
<li>Water-resistant and made to last, for everyday wear</li>
<li>Authentic Rommanel, designed in Brazil</li>
</ul>
<p>Care: put it on after perfume and creams, and take it off for the beach, the pool and hot showers to keep the shine for longer.</p>",Title,Default Title
half-eternity-ring-in-925-silver-with-cubic-zirconia-81022806,925 Sterling Silver Half Eternity Ring with Cubic Zirconia,"<p>Sixteen 1.5 mm cubic zirconia line the front of this half eternity ring in solid 925 sterling silver. Beautiful on its own or stacked with other bands, and a meaningful anniversary gift.</p>
<ul>
<li>Material: solid 925 sterling silver</li>
<li>Stones: 16 cubic zirconia, 1.5 mm</li>
<li>Australian ring sizes, with the Brazilian aro in our size guide</li>
<li>Hypoallergenic and nickel-free, designed with sensitive skin in mind</li>
<li>Water-resistant and made to last, for everyday wear</li>
<li>Authentic Rommanel, designed in Brazil</li>
</ul>
<p>Care: put it on after perfume and creams, and take it off for the beach, the pool and hot showers to keep the shine for longer.</p>",Size,N
half-eternity-ring-in-925-silver-with-cubic-zirconia-81022806,,,,P
half-eternity-ring-in-925-silver-with-cubic-zirconia-81022806,,,,R
half-eternity-ring-in-925-silver-with-cubic-zirconia-81022806,,,,T1/2
half-eternity-ring-in-925-silver-with-cubic-zirconia-81022806,,,,V1/2
half-eternity-ring-in-925-silver-with-cubic-zirconia-81022806,,,,Y
half-eternity-ring-in-925-silver-with-cubic-zirconia-81022806,,,,Z+1
925-sterling-silver-gourmet-link-choker-830053,"925 Sterling Silver Gourmet Chain Necklace, 42 cm","<p>Faceted gourmet chain necklace in solid 925 sterling silver, 42 cm long, with curb-style links. A clean, classic everyday chain and an easy gift for a birthday or graduation.</p>
<ul>
<li>Material: solid 925 sterling silver</li>
<li>Length: 42 cm</li>
<li>Faceted gourmet (curb) chain, 0.35 mm wire</li>
<li>From the Eternally 925 Sterling Silver Collection</li>
<li>Hypoallergenic and nickel-free, designed with sensitive skin in mind</li>
<li>Water-resistant and made to last, for everyday wear</li>
<li>Authentic Rommanel, designed in Brazil</li>
</ul>
<p>Care: put it on after perfume and creams, and take it off for the beach, the pool and hot showers to keep the shine for longer.</p>",Title,Default Title
925-sterling-silver-teardrop-pendant-with-cubic-zirconia-8400480010,925 Sterling Silver Green Teardrop Pendant with Cubic Zirconia,"<p>Fresh green teardrop pendant by Rommanel in solid 925 sterling silver, with a 4 mm x 6 mm teardrop cubic zirconia at the centre and 18 smaller stones. A lovely pop of colour for everyday outfits.</p>
<ul>
<li>Material: solid 925 sterling silver</li>
<li>Size: 1.6 cm x 0.7 cm</li>
<li>Stones: One teardrop cubic zirconia, 4 mm x 6 mm, and 18 cubic zirconia, 1 mm</li>
<li>From the Eternally 925 Sterling Silver Collection</li>
<li>Chain sold separately</li>
<li>Hypoallergenic and nickel-free, designed with sensitive skin in mind</li>
<li>Water-resistant and made to last, for everyday wear</li>
<li>Authentic Rommanel, designed in Brazil</li>
</ul>
<p>Care: put it on after perfume and creams, and take it off for the beach, the pool and hot showers to keep the shine for longer.</p>",Title,Default Title
teardrop-earrings-in-925-sterling-silver-with-cubic-zirconia-82011810,925 Sterling Silver Green Teardrop Stud Earrings,"<p>Green teardrop stud earrings in solid 925 sterling silver, each set with a 4 mm x 6 mm teardrop cubic zirconia and tiny accent stones. Colourful enough for weddings and parties, yet easy to wear every day.</p>
<ul>
<li>Material: solid 925 sterling silver</li>
<li>Size: 0.9 cm x 0.7 cm</li>
<li>Stones: Per pair: two teardrop cubic zirconia, 4 mm x 6 mm, and 36 cubic zirconia, 1 mm</li>
<li>From the Eternally 925 Sterling Silver Collection</li>
<li>Hypoallergenic and nickel-free, designed with sensitive skin in mind</li>
<li>Water-resistant and made to last, for everyday wear</li>
<li>Authentic Rommanel, designed in Brazil</li>
</ul>
<p>Care: put it on after perfume and creams, and take it off for the beach, the pool and hot showers to keep the shine for longer.</p>",Title,Default Title
925-sterling-silver-solitaire-ring-with-cubic-zirconia-510139,925 Sterling Silver Solitaire Ring with Cubic Zirconia,"<p>A 6 mm cubic zirconia takes centre stage on this solitaire ring in solid 925 sterling silver, joined by two 3 mm stones and 14 tiny accents. A classic choice for anniversaries or a promise ring.</p>
<ul>
<li>Material: solid 925 sterling silver</li>
<li>Stones: White cubic zirconia: one 6 mm, two 3 mm and 14 at 1 mm</li>
<li>Australian ring sizes, with the Brazilian aro in our size guide</li>
<li>Hypoallergenic and nickel-free, designed with sensitive skin in mind</li>
<li>Water-resistant and made to last, for everyday wear</li>
<li>Authentic Rommanel, designed in Brazil</li>
</ul>
<p>Care: put it on after perfume and creams, and take it off for the beach, the pool and hot showers to keep the shine for longer.</p>",Ring size,N
925-sterling-silver-solitaire-ring-with-cubic-zirconia-510139,,,,P
925-sterling-silver-solitaire-ring-with-cubic-zirconia-510139,,,,R
925-sterling-silver-solitaire-ring-with-cubic-zirconia-510139,,,,T1/2
925-sterling-silver-solitaire-ring-with-cubic-zirconia-510139,,,,V1/2
925-sterling-silver-solitaire-ring-with-cubic-zirconia-510139,,,,Y
925-sterling-silver-solitaire-ring-with-cubic-zirconia-510139,,,,Z+1
18k-gold-plated-solitaire-ring-with-zirconia-510139,18K Gold-Plated Solitaire Ring with Cubic Zirconia,"<p>Elegant solitaire ring plated in 18K gold and set with cubic zirconia, a classic engagement-style design for everyday wear. A lovely gift for an anniversary or birthday.</p>
<ul>
<li>Material: 18K gold plated, with three layers of gold</li>
<li>Stones: Cubic zirconia</li>
<li>Australian ring sizes, with the Brazilian aro in our size guide</li>
<li>Hypoallergenic and nickel-free, designed with sensitive skin in mind</li>
<li>Water-resistant and made to last, for everyday wear</li>
<li>Authentic Rommanel, designed in Brazil</li>
</ul>
<p>Care: put it on after perfume and creams, and take it off for the beach, the pool and hot showers to keep the shine for longer.</p>",Ring size,N
18k-gold-plated-solitaire-ring-with-zirconia-510139,,,,P
18k-gold-plated-solitaire-ring-with-zirconia-510139,,,,R
18k-gold-plated-solitaire-ring-with-zirconia-510139,,,,V1/2
18k-gold-plated-solitaire-ring-with-zirconia-510139,,,,T1/2
18k-gold-plated-solitaire-ring-with-zirconia-510139,,,,Y
18k-gold-plated-solitaire-ring-with-zirconia-510139,,,,Z+1
half-eternity-ring-plated-in-18k-gold-with-cubic-zirconia-511125,18K Gold-Plated Half Eternity Ring with Cubic Zirconia,"<p>Half eternity ring plated in 18K gold, with cubic zirconia set halfway around the band. Wear it alone every day, or stack it with your favourite rings for extra sparkle.</p>
<ul>
<li>Material: 18K gold plated, with three layers of gold</li>
<li>Stones: Cubic zirconia</li>
<li>Australian ring sizes, with the Brazilian aro in our size guide</li>
<li>Hypoallergenic and nickel-free, designed with sensitive skin in mind</li>
<li>Water-resistant and made to last, for everyday wear</li>
<li>Authentic Rommanel, designed in Brazil</li>
</ul>
<p>Care: put it on after perfume and creams, and take it off for the beach, the pool and hot showers to keep the shine for longer.</p>",Ring size,Y
half-eternity-ring-plated-in-18k-gold-with-cubic-zirconia-511125,,,,R
half-eternity-ring-plated-in-18k-gold-with-cubic-zirconia-511125,,,,Z+1
half-eternity-ring-plated-in-18k-gold-with-cubic-zirconia-511125,,,,V1/2
half-eternity-ring-plated-in-18k-gold-with-cubic-zirconia-511125,,,,T1/2
half-eternity-ring-plated-in-18k-gold-with-cubic-zirconia-511125,,,,N
half-eternity-ring-plated-in-18k-gold-with-cubic-zirconia-511125,,,,P
18k-gold-plated-ring-with-zirconias-511384,18K Gold-Plated Pavé Disc Ring,"<p>Pavé disc ring by Rommanel with an 18K gold-plated finish, its round face covered in sparkling cubic zirconia. A bright everyday ring to wear on its own or next to plain gold bands.</p>
<ul>
<li>Material: 18K gold plated, with three layers of gold</li>
<li>Stones: Cubic zirconia</li>
<li>Australian ring sizes, with the Brazilian aro in our size guide</li>
<li>Hypoallergenic and nickel-free, designed with sensitive skin in mind</li>
<li>Water-resistant and made to last, for everyday wear</li>
<li>Authentic Rommanel, designed in Brazil</li>
</ul>
<p>Care: put it on after perfume and creams, and take it off for the beach, the pool and hot showers to keep the shine for longer.</p>",Ring size,P
18k-gold-plated-ring-with-zirconias-511384,,,,N
18k-gold-plated-ring-with-zirconias-511384,,,,Y
18k-gold-plated-ring-with-zirconias-511384,,,,R
18k-gold-plated-ring-with-zirconias-511384,,,,Z+1
18k-gold-plated-ring-with-zirconias-511384,,,,V1/2
18k-gold-plated-ring-with-zirconias-511384,,,,T1/2
18k-gold-plated-ring-with-crystal-and-zirconias-511482,18K Gold-Plated Red Crystal Halo Ring,"<p>Statement halo ring plated in 18K gold, with a red crystal at its centre framed by cubic zirconia. A bold flash of colour for parties, dinners out and special occasions.</p>
<ul>
<li>Material: 18K gold plated, with three layers of gold</li>
<li>Stones: Red crystal and cubic zirconia</li>
<li>Australian ring sizes, with the Brazilian aro in our size guide</li>
<li>Hypoallergenic and nickel-free, designed with sensitive skin in mind</li>
<li>Water-resistant and made to last, for everyday wear</li>
<li>Authentic Rommanel, designed in Brazil</li>
</ul>
<p>Care: put it on after perfume and creams, and take it off for the beach, the pool and hot showers to keep the shine for longer.</p>",Ring size,P
18k-gold-plated-ring-with-crystal-and-zirconias-511482,,,,Y
18k-gold-plated-ring-with-crystal-and-zirconias-511482,,,,R
18k-gold-plated-ring-with-crystal-and-zirconias-511482,,,,Z+1
18k-gold-plated-ring-with-crystal-and-zirconias-511482,,,,V1/2
18k-gold-plated-ring-with-crystal-and-zirconias-511482,,,,T1/2
18k-gold-plated-ring-with-crystal-and-zirconias-511482,,,,N
18k-gold-plated-heart-bracelet-55206200,"18K Gold-Plated Heart Link Bracelet, 19 cm","<p>Faceted heart-shaped links form this gold-plated heart bracelet, 19 cm long and adjustable to 18 cm. A sweet gift for someone you love, from Valentine's Day to birthdays.</p>
<ul>
<li>Material: 18K gold plated, with three layers of gold</li>
<li>Length: 19 cm, adjustable to 18 cm</li>
<li>Chain of faceted heart-shaped links</li>
<li>Hypoallergenic and nickel-free, designed with sensitive skin in mind</li>
<li>Water-resistant and made to last, for everyday wear</li>
<li>Authentic Rommanel, designed in Brazil</li>
</ul>
<p>Care: put it on after perfume and creams, and take it off for the beach, the pool and hot showers to keep the shine for longer.</p>",Title,Default Title
adjustable-18k-gold-plated-choker-necklace-with-cubic-zirconia-53218506,18K Gold-Plated Y Necklace with Cubic Zirconia,"<p>Y necklace plated in 18K gold: a fine 70 cm adjustable chain set with five 5 mm cubic zirconia and finished with a sixth stone at the end. Lovely with V-necks and open collars.</p>
<ul>
<li>Material: 18K gold plated, with three layers of gold</li>
<li>Length: 70 cm, adjustable</li>
<li>Stones: Five 5 mm cubic zirconia, plus one at the end</li>
<li>Laminated link chain, 0.35 mm</li>
<li>Hypoallergenic and nickel-free, designed with sensitive skin in mind</li>
<li>Water-resistant and made to last, for everyday wear</li>
<li>Authentic Rommanel, designed in Brazil</li>
</ul>
<p>Care: put it on after perfume and creams, and take it off for the beach, the pool and hot showers to keep the shine for longer.</p>",Title,Default Title
18k-gold-plated-hoop-earrings-52403200,"18K Gold-Plated Textured Hoop Earrings, 1.1 cm","<p>Small textured gold-plated hoop earrings, 1.1 cm across, with raised detailing that adds interest to a classic hoop. A neat pair for every day.</p>
<ul>
<li>Material: 18K gold plated, with three layers of gold</li>
<li>Size: 1.1 cm diameter</li>
<li>Raised detailing on the hoop</li>
<li>Hypoallergenic and nickel-free, designed with sensitive skin in mind</li>
<li>Water-resistant and made to last, for everyday wear</li>
<li>Authentic Rommanel, designed in Brazil</li>
</ul>
<p>Care: put it on after perfume and creams, and take it off for the beach, the pool and hot showers to keep the shine for longer.</p>",Title,Default Title
18k-gold-plated-hoop-earrings-with-rhodium-plating-52383000,"18K Gold-Plated Hoop Earrings with Rhodium Plating, 1.9 cm","<p>Two-tone hoop earrings by Rommanel, plated in 18K gold with rhodium plating for a mix of gold and silver tones, measuring 1.9 cm x 0.7 cm. A simple way to wear gold and silver jewellery together.</p>
<ul>
<li>Material: 18K gold plated, with three layers of gold and rhodium-plated details</li>
<li>Size: 1.9 cm x 0.7 cm</li>
<li>Two-tone: 18K gold plating with rhodium plating</li>
<li>Hypoallergenic and nickel-free, designed with sensitive skin in mind</li>
<li>Water-resistant and made to last, for everyday wear</li>
<li>Authentic Rommanel, designed in Brazil</li>
</ul>
<p>Care: put it on after perfume and creams, and take it off for the beach, the pool and hot showers to keep the shine for longer.</p>",Title,Default Title
round-earrings-plated-in-18k-gold-with-cubic-zirconia-526945,18K Gold-Plated Round Pavé Stud Earrings,"<p>Round pavé stud earrings plated in 18K gold, each 0.7 cm stud covered in 1.25 mm cubic zirconia. Small enough for every day, with enough sparkle for evenings out.</p>
<ul>
<li>Material: 18K gold plated, with three layers of gold</li>
<li>Size: 0.7 cm diameter</li>
<li>Stones: 38 cubic zirconia per pair, 1.25 mm</li>
<li>Hypoallergenic and nickel-free, designed with sensitive skin in mind</li>
<li>Water-resistant and made to last, for everyday wear</li>
<li>Authentic Rommanel, designed in Brazil</li>
</ul>
<p>Care: put it on after perfume and creams, and take it off for the beach, the pool and hot showers to keep the shine for longer.</p>",Title,Default Title
18k-gold-plated-solitaire-earring-set-526223,"18K Gold-Plated Solitaire Stud Earring Set, 2 Pairs","<p>Solitaire stud earring set with two pairs in 18K gold plate: a small pair with 2 mm cubic zirconia and a larger pair with 5 mm stones. Wear them together in two piercings or one pair at a time.</p>
<ul>
<li>Material: 18K gold plated, with three layers of gold</li>
<li>Size: 0.4 cm and 0.6 cm diameter</li>
<li>Stones: Two round 2 mm cubic zirconia and two 5 mm cubic zirconia</li>
<li>Set of two pairs of solitaire studs in two sizes</li>
<li>Hypoallergenic and nickel-free, designed with sensitive skin in mind</li>
<li>Water-resistant and made to last, for everyday wear</li>
<li>Authentic Rommanel, designed in Brazil</li>
</ul>
<p>Care: put it on after perfume and creams, and take it off for the beach, the pool and hot showers to keep the shine for longer.</p>",Title,Default Title
arrow-earring-and-heart-solitaire-set-18k-gold-plated-with-cubic-zirconia-527488,18K Gold-Plated Arrow and Heart Stud Earring Set,"<p>Arrow and heart earring set in 18K gold plate, pairing little arrow studs with heart-shaped cubic zirconia solitaires. Mix and match them, or give them to a best friend or on Valentine's Day.</p>
<ul>
<li>Material: 18K gold plated, with three layers of gold</li>
<li>Size: 0.4 cm x 1 cm (arrow), 0.5 cm x 0.5 cm (heart)</li>
<li>Stones: Two heart-shaped cubic zirconia, 4 mm x 4 mm</li>
<li>Set of two pairs: arrow studs and heart solitaire studs</li>
<li>Hypoallergenic and nickel-free, designed with sensitive skin in mind</li>
<li>Water-resistant and made to last, for everyday wear</li>
<li>Authentic Rommanel, designed in Brazil</li>
</ul>
<p>Care: put it on after perfume and creams, and take it off for the beach, the pool and hot showers to keep the shine for longer.</p>",Title,Default Title
18k-gold-plated-ring-51194500,18K Gold-Plated Wide Twisted Band Ring,"<p>Wide twisted band ring plated in 18K gold, a bold statement piece from Rommanel's Permanent Line. Wear it on its own or let it anchor a stack of finer rings.</p>
<ul>
<li>Material: 18K gold plated, with three layers of gold</li>
<li>From Rommanel's Permanent Line</li>
<li>Australian ring sizes, with the Brazilian aro in our size guide</li>
<li>Hypoallergenic and nickel-free, designed with sensitive skin in mind</li>
<li>Water-resistant and made to last, for everyday wear</li>
<li>Authentic Rommanel, designed in Brazil</li>
</ul>
<p>Care: put it on after perfume and creams, and take it off for the beach, the pool and hot showers to keep the shine for longer.</p>",Ring size,Y
18k-gold-plated-ring-51194500,,,,R
18k-gold-plated-ring-51194500,,,,Z+1
18k-gold-plated-ring-51194500,,,,V1/2
18k-gold-plated-ring-51194500,,,,T1/2
18k-gold-plated-ring-51194500,,,,N
18k-gold-plated-ring-51194500,,,,P
925-sterling-silver-teardrop-hoop-earrings-820233,925 Sterling Silver Teardrop Hoop Earrings,"<p>Teardrop hoop earrings in solid 925 sterling silver, smooth and simple at 1.6 cm x 1 cm. An everyday pair from Rommanel's Permanent Line, for workdays and weekends alike.</p>
<ul>
<li>Material: solid 925 sterling silver</li>
<li>Size: 1.6 cm x 1 cm</li>
<li>Smooth finish</li>
<li>From Rommanel's Permanent Line</li>
<li>Hypoallergenic and nickel-free, designed with sensitive skin in mind</li>
<li>Water-resistant and made to last, for everyday wear</li>
<li>Authentic Rommanel, designed in Brazil</li>
</ul>
<p>Care: put it on after perfume and creams, and take it off for the beach, the pool and hot showers to keep the shine for longer.</p>",Title,Default Title
necklace-with-teardrop-pendant-in-solid-925-sterling-silver-830117,"925 Sterling Silver Teardrop Pendant Necklace, 50 cm","<p>Solid 925 sterling silver teardrop necklace, the pendant set with cubic zirconia and hung on a 50 cm Venetian chain. Openwork flowers decorate the back, a pretty detail just for the wearer.</p>
<ul>
<li>Material: solid 925 sterling silver</li>
<li>Length: 50 cm</li>
<li>Stones: 13 cubic zirconia, 1 mm</li>
<li>Venetian chain, 0.8 mm</li>
<li>Openwork flowers on the back of the pendant</li>
<li>From the Time Capsule Collection</li>
<li>Hypoallergenic and nickel-free, designed with sensitive skin in mind</li>
<li>Water-resistant and made to last, for everyday wear</li>
<li>Authentic Rommanel, designed in Brazil</li>
</ul>
<p>Care: put it on after perfume and creams, and take it off for the beach, the pool and hot showers to keep the shine for longer.</p>",Title,Default Title
18k-gold-plated-bracelet-with-crystals-552102,18K Gold-Plated Crystal Tennis Bracelet,"<p>Tennis bracelet plated in 18K gold and lined with sparkling crystals. A classic choice for weddings and formal events, it also dresses up a simple everyday outfit.</p>
<ul>
<li>Material: 18K gold plated, with three layers of gold</li>
<li>Stones: Crystals</li>
<li>Hypoallergenic and nickel-free, designed with sensitive skin in mind</li>
<li>Water-resistant and made to last, for everyday wear</li>
<li>Authentic Rommanel, designed in Brazil</li>
</ul>
<p>Care: put it on after perfume and creams, and take it off for the beach, the pool and hot showers to keep the shine for longer.</p>",Title,Default Title
mother-of-a-boy-bracelet-18k-gold-plated-with-cubic-zirconia-552003,18K Gold-Plated Mother of a Boy Bracelet,"<p>Boy mum bracelet finished in 18K gold plating: a fine 19 cm chain with a little boy charm, a square cubic zirconia and a cubic zirconia heart. A lovely gift for a new mum, a baby shower or Mother's Day.</p>
<ul>
<li>Material: 18K gold plated, with three layers of gold</li>
<li>Length: 19 cm, adjustable to 18 cm</li>
<li>Stones: One 3 mm x 3 mm square-cut and one 5 mm x 5 mm heart-shaped cubic zirconia</li>
<li>Laminated link chain, 0.35 mm</li>
<li>Boy charm</li>
<li>Hypoallergenic and nickel-free, designed with sensitive skin in mind</li>
<li>Water-resistant and made to last, for everyday wear</li>
<li>Authentic Rommanel, designed in Brazil</li>
</ul>
<p>Care: put it on after perfume and creams, and take it off for the beach, the pool and hot showers to keep the shine for longer.</p>",Title,Default Title
best-friends-pendant-18k-gold-plated-with-resin-application-542438,18K Gold-Plated Best Friends Rainbow Pendants,"<p>Best friends rainbow pendants plated in 18K gold with resin detail, made to celebrate a friendship. A happy gift for a birthday, a farewell or just because.</p>
<ul>
<li>Material: 18K gold plated, with three layers of gold</li>
<li>Resin detail</li>
<li>Chain sold separately</li>
<li>Hypoallergenic and nickel-free, designed with sensitive skin in mind</li>
<li>Water-resistant and made to last, for everyday wear</li>
<li>Authentic Rommanel, designed in Brazil</li>
</ul>
<p>Care: put it on after perfume and creams, and take it off for the beach, the pool and hot showers to keep the shine for longer.</p>",Title,Default Title
square-solitaire-earring-plated-in-18k-gold-526703,18K Gold-Plated Blue Square Crystal Stud Earrings,"<p>Blue crystal stud earrings plated in 18K gold, each with a single square crystal in a solitaire setting. A pop of colour for every day, or a bride's something blue.</p>
<ul>
<li>Material: 18K gold plated, with three layers of gold</li>
<li>Stones: Blue square crystals, one per earring</li>
<li>Hypoallergenic and nickel-free, designed with sensitive skin in mind</li>
<li>Water-resistant and made to last, for everyday wear</li>
<li>Authentic Rommanel, designed in Brazil</li>
</ul>
<p>Care: put it on after perfume and creams, and take it off for the beach, the pool and hot showers to keep the shine for longer.</p>",Title,Default Title
18k-gold-plated-clip-on-earring-with-crystal-and-zirconias-526340,18K Gold-Plated Green Crystal Clip-On Ear Cuff,"<p>Clip-on ear cuff plated in 18K gold, set with a green crystal and cubic zirconia. It needs no piercing, so it's an easy way to add colour and sparkle to an ear stack.</p>
<ul>
<li>Material: 18K gold plated, with three layers of gold</li>
<li>Stones: Green crystal and cubic zirconia</li>
<li>Clip-on, no piercing needed</li>
<li>Hypoallergenic and nickel-free, designed with sensitive skin in mind</li>
<li>Water-resistant and made to last, for everyday wear</li>
<li>Authentic Rommanel, designed in Brazil</li>
</ul>
<p>Care: put it on after perfume and creams, and take it off for the beach, the pool and hot showers to keep the shine for longer.</p>",Title,Default Title
18k-gold-plated-half-hoop-earrings-with-zirconias-526808,18K Gold-Plated Green Cubic Zirconia Half Hoop Earrings,"<p>Green cubic zirconia bring colour to these 18K gold-plated half hoop earrings, a fresh take on a classic shape. Lovely with neutral outfits, or as a gift for someone who loves green.</p>
<ul>
<li>Material: 18K gold plated, with three layers of gold</li>
<li>Stones: Green cubic zirconia</li>
<li>Hypoallergenic and nickel-free, designed with sensitive skin in mind</li>
<li>Water-resistant and made to last, for everyday wear</li>
<li>Authentic Rommanel, designed in Brazil</li>
</ul>
<p>Care: put it on after perfume and creams, and take it off for the beach, the pool and hot showers to keep the shine for longer.</p>",Title,Default Title
18k-gold-plated-ring-with-crystal-513403,18K Gold-Plated Blue Crystal Double Band Ring,"<p>Double band ring plated in 18K gold and set with a blue crystal, giving the look of two bands worn together. Wear it for evenings out, or give it to someone whose favourite colour is blue.</p>
<ul>
<li>Material: 18K gold plated, with three layers of gold</li>
<li>Stones: Blue crystal</li>
<li>Australian ring sizes, with the Brazilian aro in our size guide</li>
<li>Hypoallergenic and nickel-free, designed with sensitive skin in mind</li>
<li>Water-resistant and made to last, for everyday wear</li>
<li>Authentic Rommanel, designed in Brazil</li>
</ul>
<p>Care: put it on after perfume and creams, and take it off for the beach, the pool and hot showers to keep the shine for longer.</p>",Ring size,Y
18k-gold-plated-ring-with-crystal-513403,,,,R
18k-gold-plated-ring-with-crystal-513403,,,,Z+1
18k-gold-plated-ring-with-crystal-513403,,,,V1/2
18k-gold-plated-ring-with-crystal-513403,,,,T1/2
18k-gold-plated-ring-with-crystal-513403,,,,N
18k-gold-plated-ring-with-crystal-513403,,,,P
18k-gold-plated-heart-solitaire-ring-513230,18K Gold-Plated Black Heart Solitaire Ring,"<p>Black crystal heart ring in 18K gold plate: a single heart-shaped stone in a solitaire setting, romantic with a darker edge. A thoughtful gift for Valentine's Day or an anniversary.</p>
<ul>
<li>Material: 18K gold plated, with three layers of gold</li>
<li>Stones: Black heart-shaped crystal</li>
<li>Australian ring sizes, with the Brazilian aro in our size guide</li>
<li>Hypoallergenic and nickel-free, designed with sensitive skin in mind</li>
<li>Water-resistant and made to last, for everyday wear</li>
<li>Authentic Rommanel, designed in Brazil</li>
</ul>
<p>Care: put it on after perfume and creams, and take it off for the beach, the pool and hot showers to keep the shine for longer.</p>",Ring size,Y
18k-gold-plated-heart-solitaire-ring-513230,,,,R
18k-gold-plated-heart-solitaire-ring-513230,,,,Z+1
18k-gold-plated-heart-solitaire-ring-513230,,,,V1/2
18k-gold-plated-heart-solitaire-ring-513230,,,,T1/2
18k-gold-plated-heart-solitaire-ring-513230,,,,N
18k-gold-plated-heart-solitaire-ring-513230,,,,P
18k-gold-plated-ring-with-zirconias-and-crystal-513017,18K Gold-Plated Blue Crystal Ring with Cubic Zirconia,"<p>Sparkling blue crystal ring with an 18K gold-plated finish, accented with cubic zirconia. A statement piece for dinners, parties and celebrations, or worn beside simple gold bands.</p>
<ul>
<li>Material: 18K gold plated, with three layers of gold</li>
<li>Stones: Blue crystal and cubic zirconia</li>
<li>Australian ring sizes, with the Brazilian aro in our size guide</li>
<li>Hypoallergenic and nickel-free, designed with sensitive skin in mind</li>
<li>Water-resistant and made to last, for everyday wear</li>
<li>Authentic Rommanel, designed in Brazil</li>
</ul>
<p>Care: put it on after perfume and creams, and take it off for the beach, the pool and hot showers to keep the shine for longer.</p>",Ring size,Y
18k-gold-plated-ring-with-zirconias-and-crystal-513017,,,,R
18k-gold-plated-ring-with-zirconias-and-crystal-513017,,,,Z+1
18k-gold-plated-ring-with-zirconias-and-crystal-513017,,,,V1/2
18k-gold-plated-ring-with-zirconias-and-crystal-513017,,,,T1/2
18k-gold-plated-ring-with-zirconias-and-crystal-513017,,,,N
18k-gold-plated-ring-with-zirconias-and-crystal-513017,,,,P
18k-gold-plated-butterfly-bracelet-with-acrylic-stones-55218306,18K Gold-Plated Butterfly Bracelet with White Stones,"<p>Gold-plated butterfly bracelet with four shiny white resin butterflies on a fine 0.4 mm chain, 19 cm and adjustable to 17 cm. A pretty gift for a sister or friend who loves butterflies.</p>
<ul>
<li>Material: 18K gold plated, with three layers of gold</li>
<li>Length: 19 cm, adjustable to 17 cm</li>
<li>Stones: Four white butterfly-shaped resin stones</li>
<li>Laminated link chain, 0.4 mm</li>
<li>Hypoallergenic and nickel-free, designed with sensitive skin in mind</li>
<li>Water-resistant and made to last, for everyday wear</li>
<li>Authentic Rommanel, designed in Brazil</li>
</ul>
<p>Care: put it on after perfume and creams, and take it off for the beach, the pool and hot showers to keep the shine for longer.</p>",Title,Default Title
18k-gold-plated-bracelet-55127100,18K Gold-Plated Twisted Oval Link Bracelet,"<p>Twisted oval links make up this 18K gold-plated bracelet, adjustable from 19 cm to 17 cm. Wear it alone as a classic everyday piece, or stack it with other bracelets and a watch.</p>
<ul>
<li>Material: 18K gold plated, with three layers of gold</li>
<li>Length: 19 cm, adjustable to 17 cm</li>
<li>Twisted oval links</li>
<li>Hypoallergenic and nickel-free, designed with sensitive skin in mind</li>
<li>Water-resistant and made to last, for everyday wear</li>
<li>Authentic Rommanel, designed in Brazil</li>
</ul>
<p>Care: put it on after perfume and creams, and take it off for the beach, the pool and hot showers to keep the shine for longer.</p>",Title,Default Title
18k-gold-plated-butterfly-pendant-with-zirconia-54267824,18K Gold-Plated Butterfly Pendant with Purple Cubic Zirconia,"<p>Purple navette-cut cubic zirconia sparkle on one side of this butterfly pendant, plated in 18K gold and measuring 2 cm x 1.3 cm. Add it to a favourite chain for a touch of colour every day.</p>
<ul>
<li>Material: 18K gold plated, with three layers of gold</li>
<li>Size: 2 cm x 1.3 cm</li>
<li>Stones: Two purple navette (marquise) cubic zirconia, 4 mm x 8 mm and 3 mm x 6 mm</li>
<li>Stones set on one side of the butterfly</li>
<li>Chain sold separately</li>
<li>Hypoallergenic and nickel-free, designed with sensitive skin in mind</li>
<li>Water-resistant and made to last, for everyday wear</li>
<li>Authentic Rommanel, designed in Brazil</li>
</ul>
<p>Care: put it on after perfume and creams, and take it off for the beach, the pool and hot showers to keep the shine for longer.</p>",Title,Default Title
18k-gold-plated-cinderella-dress-pendant-54282303,18K Gold-Plated Cinderella Dress Pendant,"<p>Cinderella dress pendant from Rommanel's Disney collection, plated in 18K gold with resin detail. A sweet gift for a little girl who loves Disney princesses, to wear on a favourite chain.</p>
<ul>
<li>Material: 18K gold plated, with three layers of gold</li>
<li>From the Disney Collection</li>
<li>Resin detail</li>
<li>Chain sold separately</li>
<li>Hypoallergenic and nickel-free, designed with sensitive skin in mind</li>
<li>Water-resistant and made to last, for everyday wear</li>
<li>Authentic Rommanel, designed in Brazil</li>
</ul>
<p>Care: put it on after perfume and creams, and take it off for the beach, the pool and hot showers to keep the shine for longer.</p>",Title,Default Title
18k-gold-plated-venetian-chain-53171700,"18K Gold-Plated Venetian Bead Chain Necklace, 80 cm","<p>Long 18K gold-plated Venetian chain necklace, 80 cm, with smooth 2.5 mm beads spaced along the chain. Wear it long on its own or layer it with shorter necklaces.</p>
<ul>
<li>Material: 18K gold plated, with three layers of gold</li>
<li>Length: 80 cm</li>
<li>Venetian chain, 0.85 mm</li>
<li>Smooth 2.5 mm hollow beads spaced along the chain</li>
<li>Hypoallergenic and nickel-free, designed with sensitive skin in mind</li>
<li>Water-resistant and made to last, for everyday wear</li>
<li>Authentic Rommanel, designed in Brazil</li>
</ul>
<p>Care: put it on after perfume and creams, and take it off for the beach, the pool and hot showers to keep the shine for longer.</p>",Title,Default Title
18k-gold-plated-necklace-with-heart-set-with-zirconia-stones-53159806,"18K Gold-Plated Pavé Heart Pendant Necklace, 50 cm","<p>Heart pendant necklace in 18K gold plate, the heart pavé-set with 29 tiny white cubic zirconia, on a 50 cm chain that adjusts to 45 cm. A meaningful gift for a partner, mum or daughter.</p>
<ul>
<li>Material: 18K gold plated, with three layers of gold</li>
<li>Length: 50 cm, adjustable to 45 cm</li>
<li>Stones: 29 white cubic zirconia, 1 mm</li>
<li>Hypoallergenic and nickel-free, designed with sensitive skin in mind</li>
<li>Water-resistant and made to last, for everyday wear</li>
<li>Authentic Rommanel, designed in Brazil</li>
</ul>
<p>Care: put it on after perfume and creams, and take it off for the beach, the pool and hot showers to keep the shine for longer.</p>",Title,Default Title
18k-gold-plated-piastrine-necklace-53115500,"18K Gold-Plated Piastrine Chain Necklace, 42 cm","<p>Fine 18K gold-plated chain necklace in a 42 cm length, made of 0.3 mm faceted piastrine links. Wear it alone for a minimal look or layer it with longer chains.</p>
<ul>
<li>Material: 18K gold plated, with three layers of gold</li>
<li>Length: 42 cm</li>
<li>Faceted piastrine link chain, 0.3 mm</li>
<li>Hypoallergenic and nickel-free, designed with sensitive skin in mind</li>
<li>Water-resistant and made to last, for everyday wear</li>
<li>Authentic Rommanel, designed in Brazil</li>
</ul>
<p>Care: put it on after perfume and creams, and take it off for the beach, the pool and hot showers to keep the shine for longer.</p>",Title,Default Title
18k-gold-plated-cinderella-shoe-earring-with-zirconia-52729303,18K Gold-Plated Cinderella Slipper Earrings,"<p>Disney Cinderella slipper earrings plated in 18K gold, each little shoe finished with resin detail and a 3.5 mm cubic zirconia. A magical birthday gift for a young Cinderella fan.</p>
<ul>
<li>Material: 18K gold plated, with three layers of gold</li>
<li>Size: 1.9 cm x 0.6 cm</li>
<li>Stones: Two 3.5 mm cubic zirconia, one per earring</li>
<li>From the Disney Collection</li>
<li>Resin detail</li>
<li>Hypoallergenic and nickel-free, designed with sensitive skin in mind</li>
<li>Water-resistant and made to last, for everyday wear</li>
<li>Authentic Rommanel, designed in Brazil</li>
</ul>
<p>Care: put it on after perfume and creams, and take it off for the beach, the pool and hot showers to keep the shine for longer.</p>",Title,Default Title
18k-gold-plated-bracelet-made-up-of-oval-links-55102600,18K Gold-Plated Oval Link Bracelet,"<p>Oval link bracelet in 18K gold plate, mixing hollow oval links with smooth and faceted ones. Adjustable from 21 cm to 18 cm, for everyday wear or dressing up.</p>
<ul>
<li>Material: 18K gold plated, with three layers of gold</li>
<li>Length: 21 cm, adjustable to 18 cm</li>
<li>Hollow oval links mixed with smooth and faceted links</li>
<li>Hypoallergenic and nickel-free, designed with sensitive skin in mind</li>
<li>Water-resistant and made to last, for everyday wear</li>
<li>Authentic Rommanel, designed in Brazil</li>
</ul>
<p>Care: put it on after perfume and creams, and take it off for the beach, the pool and hot showers to keep the shine for longer.</p>",Title,Default Title
18k-gold-plated-bracelet-with-hearts-55068300,"18K Gold-Plated Open Heart Bracelet, 19 cm","<p>Open heart bracelet in 18K gold plate, 19 cm long and formed by little open hearts, each 0.9 cm x 0.5 cm. A lovely gift for a daughter, a sister or a best friend.</p>
<ul>
<li>Material: 18K gold plated, with three layers of gold</li>
<li>Length: 19 cm</li>
<li>Open hearts, 0.9 cm x 0.5 cm each</li>
<li>Hypoallergenic and nickel-free, designed with sensitive skin in mind</li>
<li>Water-resistant and made to last, for everyday wear</li>
<li>Authentic Rommanel, designed in Brazil</li>
</ul>
<p>Care: put it on after perfume and creams, and take it off for the beach, the pool and hot showers to keep the shine for longer.</p>",Title,Default Title
18k-gold-plated-bracelet-with-balls-55019500,18K Gold-Plated Ball Bracelet,"<p>Classic ball bracelet in 18K gold plate, made up of 2.5 mm balls and measuring 18 to 19 cm. A simple everyday piece to wear alone or with a watch.</p>
<ul>
<li>Material: 18K gold plated, with three layers of gold</li>
<li>Length: 18 to 19 cm</li>
<li>Made up of 2.5 mm balls</li>
<li>Hypoallergenic and nickel-free, designed with sensitive skin in mind</li>
<li>Water-resistant and made to last, for everyday wear</li>
<li>Authentic Rommanel, designed in Brazil</li>
</ul>
<p>Care: put it on after perfume and creams, and take it off for the beach, the pool and hot showers to keep the shine for longer.</p>",Title,Default Title
18k-gold-plated-pendant-in-the-shape-of-a-boy-with-zirconia-54214306,18K Gold-Plated Pavé Boy Pendant,"<p>Mother and son keepsake: a little boy pendant plated in 18K gold and set with 18 tiny cubic zirconia, 1.3 cm x 0.9 cm. Add it to mum's favourite chain for Mother's Day, a birthday or a new arrival.</p>
<ul>
<li>Material: 18K gold plated, with three layers of gold</li>
<li>Size: 1.3 cm x 0.9 cm</li>
<li>Stones: 18 cubic zirconia, 1 mm</li>
<li>Chain sold separately</li>
<li>Hypoallergenic and nickel-free, designed with sensitive skin in mind</li>
<li>Water-resistant and made to last, for everyday wear</li>
<li>Authentic Rommanel, designed in Brazil</li>
</ul>
<p>Care: put it on after perfume and creams, and take it off for the beach, the pool and hot showers to keep the shine for longer.</p>",Title,Default Title
18k-gold-plated-groumet-chain-necklace-53234600,"18K Gold-Plated Gourmet Chain Choker, 35 cm","<p>Gourmet chain choker in 18K gold plate, the classic curb-style chain in a short 35 cm length. Wear it alone or layer it with longer necklaces and pendants.</p>
<ul>
<li>Material: 18K gold plated, with three layers of gold</li>
<li>Length: 35 cm</li>
<li>Gourmet (curb) chain</li>
<li>Hypoallergenic and nickel-free, designed with sensitive skin in mind</li>
<li>Water-resistant and made to last, for everyday wear</li>
<li>Authentic Rommanel, designed in Brazil</li>
</ul>
<p>Care: put it on after perfume and creams, and take it off for the beach, the pool and hot showers to keep the shine for longer.</p>",Title,Default Title
childrens-earring-plated-in-18k-gold-apple-shape-with-crystals-52523806,Children's 18K Gold-Plated Apple Stud Earrings with Crystal,"<p>Kids' gold-plated apple stud earrings, set with crystals for a little sparkle. A fun gift for a birthday or the start of a new school year.</p>
<ul>
<li>Material: 18K gold plated, with three layers of gold</li>
<li>Stones: Crystals</li>
<li>Hypoallergenic and nickel-free, designed with sensitive skin in mind</li>
<li>Water-resistant and made to last, for everyday wear</li>
<li>Authentic Rommanel, designed in Brazil</li>
</ul>
<p>Care: put it on after perfume and creams, and take it off for the beach, the pool and hot showers to keep the shine for longer.</p>",Title,Default Title
18k-gold-plated-hoop-earrings-with-rhodium-application-52512800,"18K Gold-Plated Hoop Earrings with Rhodium Plating, 1.6 cm","<p>Smooth two-tone hoop earrings, 1.6 cm, plated in 18K gold with rhodium plating. A neat way to mix gold and silver tones in one everyday pair.</p>
<ul>
<li>Material: 18K gold plated, with three layers of gold and rhodium-plated details</li>
<li>Size: 1.6 cm</li>
<li>Smooth finish</li>
<li>Two-tone: 18K gold plating with rhodium plating</li>
<li>Hypoallergenic and nickel-free, designed with sensitive skin in mind</li>
<li>Water-resistant and made to last, for everyday wear</li>
<li>Authentic Rommanel, designed in Brazil</li>
</ul>
<p>Care: put it on after perfume and creams, and take it off for the beach, the pool and hot showers to keep the shine for longer.</p>",Title,Default Title
18k-gold-plated-hoop-earrings-with-openheart-design-5233510000,18K Gold-Plated Open Heart Hoop Earrings,"<p>Little heart hoop earrings plated in 18K gold, 1.5 cm across, with open hearts for a romantic everyday look. A sweet gift for Valentine's Day or a daughter's birthday.</p>
<ul>
<li>Material: 18K gold plated, with three layers of gold</li>
<li>Size: 1.5 cm diameter</li>
<li>Hypoallergenic and nickel-free, designed with sensitive skin in mind</li>
<li>Water-resistant and made to last, for everyday wear</li>
<li>Authentic Rommanel, designed in Brazil</li>
</ul>
<p>Care: put it on after perfume and creams, and take it off for the beach, the pool and hot showers to keep the shine for longer.</p>",Title,Default Title
18k-gold-plated-butterfly-earrings-52698900,18K Gold-Plated Textured Butterfly Stud Earrings,"<p>Tiny gold-plated butterfly stud earrings, just 0.6 cm x 0.6 cm, with a granite-effect texture. A dainty everyday pair for anyone who loves butterflies.</p>
<ul>
<li>Material: 18K gold plated, with three layers of gold</li>
<li>Size: 0.6 cm x 0.6 cm</li>
<li>Granite-effect textured finish</li>
<li>Hypoallergenic and nickel-free, designed with sensitive skin in mind</li>
<li>Water-resistant and made to last, for everyday wear</li>
<li>Authentic Rommanel, designed in Brazil</li>
</ul>
<p>Care: put it on after perfume and creams, and take it off for the beach, the pool and hot showers to keep the shine for longer.</p>",Title,Default Title
